Stn Code,Sampling Date,State,City/Town/Village/Area,Location of Monitoring Station,Agency,Type of Location,SO2,NO2,RSPM/PM10,SPM
159,2004-01-02,Tamil Nadu,Chennai,"Madras Medical College, Chennai",National Environmental Engineering Research Institute,"Residential, Rural and other Areas",6,12.75,56.33,101.33
159,2004-01-05,Tamil Nadu,Chennai,"Madras Medical College, Chennai",National Environmental Engineering Research Institute,"Residential, Rural and other Areas",6,7,38.33,117
159,2004-01-08,Tamil Nadu,Chennai,"Madras Medical College, Chennai",National Environmental Engineering Research Institute,"Residential, Rural and other Areas",6,5.42,43.67,127.33
159,2004-01-12,Tamil Nadu,Chennai,"Madras Medical College, Chennai",National Environmental Engineering Research Institute,"Residential, Rural and other Areas",6,16.83,48.67,119
159,2004-01-19,Tamil Nadu,Chennai,"Madras Medical College, Chennai",National Environmental Engineering Research Institute,"Residential, Rural and other Areas",6.17,12.92,41.67,112.33
159,2004-01-21,Tamil Nadu,Chennai,"Madras Medical College, Chennai",National Environmental Engineering Research Institute,"Residential, Rural and other Areas",6.5,7.5,41.33,107.33
159,2004-01-27,Tamil Nadu,Chennai,"Madras Medical College, Chennai",National Environmental Engineering Research Institute,"Residential, Rural and other Areas",6,8.08,23.67,67.67
159,2004-01-29,Tamil Nadu,Chennai,"Madras Medical College, Chennai",National Environmental Engineering Research Institute,"Residential, Rural and other Areas",6,8.75,16.67,90
159,2004-02-16,Tamil Nadu,Chennai,"Madras Medical College, Chennai",National Environmental Engineering Research Institute,"Residential, Rural and other Areas",6.67,8.08,36.67,112.67
159,2004-02-19,Tamil Nadu,Chennai,"Madras Medical College, Chennai",National Environmental Engineering Research Institute,"Residential, Rural and other Areas",6.33,8.08,27,94
159,2004-02-23,Tamil Nadu,Chennai,"Madras Medical College, Chennai",National Environmental Engineering Research Institute,"Residential, Rural and other Areas",6,10.92,46.33,138.33
159,2004-02-26,Tamil Nadu,Chennai,"Madras Medical College, Chennai",National Environmental Engineering Research Institute,"Residential, Rural and other Areas",6,9.83,35.33,105.33
159,2004-03-15,Tamil Nadu,Chennai,"Madras Medical College, Chennai",National Environmental Engineering Research Institute,"Residential, Rural and other Areas",6,10.58,44.67,124.67
159,2004-03-18,Tamil Nadu,Chennai,"Madras Medical College, Chennai",National Environmental Engineering Research Institute,"Residential, Rural and other Areas",6.83,15.33,68.67,180.33
159,2004-03-22,Tamil Nadu,Chennai,"Madras Medical College, Chennai",National Environmental Engineering Research Institute,"Residential, Rural and other Areas",6.67,12.75,59.67,130.67
159,2004-03-25,Tamil Nadu,Chennai,"Madras Medical College, Chennai",National Environmental Engineering Research Institute,"Residential, Rural and other Areas",6.33,11.5,45,138.33
159,2004-03-29,Tamil Nadu,Chennai,"Madras Medical College, Chennai",National Environmental Engineering Research Institute,"Residential, Rural and other Areas",6,6.08,43.67,115.67
159,2004-04-15,Tamil Nadu,Chennai,"Madras Medical College, Chennai",National Environmental Engineering Research Institute,"Residential, Rural and other Areas",6,5.92,42.33,130.67
159,2004-04-19,Tamil Nadu,Chennai,"Madras Medical College, Chennai",National Environmental Engineering Research Institute,"Residential, Rural and other Areas",6.83,12.92,99.33,145.67
159,2004-04-22,Tamil Nadu,Chennai,"Madras Medical College, Chennai",National Environmental Engineering Research Institute,"Residential, Rural and other Areas",6.67,9.92,55.67,140.67
159,2004-04-26,Tamil Nadu,Chennai,"Madras Medical College, Chennai",National Environmental Engineering Research Institute,"Residential, Rural and other Areas",6,8.75,34,99.67
159,2004-04-29,Tamil Nadu,Chennai,"Madras Medical College, Chennai",National Environmental Engineering Research Institute,"Residential, Rural and other Areas",6.5,8.58,49,90.33
159,2004-05-13,Tamil Nadu,Chennai,"Madras Medical College, Chennai",National Environmental Engineering Research Institute,"Residential, Rural and other Areas",6.17,6.42,32.67,77.67
159,2004-05-17,Tamil Nadu,Chennai,"Madras Medical College, Chennai",National Environmental Engineering Research Institute,"Residential, Rural and other Areas",6,4.5,22,87.67
159,2004-05-20,Tamil Nadu,Chennai,"Madras Medical College, Chennai",National Environmental Engineering Research Institute,"Residential, Rural and other Areas",6,4.5,44,117
159,2004-05-24,Tamil Nadu,Chennai,"Madras Medical College, Chennai",National Environmental Engineering Research Institute,"Residential, Rural and other Areas",6,4.5,30.33,113.67
159,2004-05-27,Tamil Nadu,Chennai,"Madras Medical College, Chennai",National Environmental Engineering Research Institute,"Residential, Rural and other Areas",6,8.08,49.67,120.33
159,2004-06-14,Tamil Nadu,Chennai,"Madras Medical College, Chennai",National Environmental Engineering Research Institute,"Residential, Rural and other Areas",6,5.42,48.67,137.67
159,2004-06-17,Tamil Nadu,Chennai,"Madras Medical College, Chennai",National Environmental Engineering Research Institute,"Residential, Rural and other Areas",6.5,7.83,47.67,100
159,2004-06-21,Tamil Nadu,Chennai,"Madras Medical College, Chennai",National Environmental Engineering Research Institute,"Residential, Rural and other Areas",6,4.5,30.67,90
159,2004-06-24,Tamil Nadu,Chennai,"Madras Medical College, Chennai",National Environmental Engineering Research Institute,"Residential, Rural and other Areas",6,4.5,40.67,69
159,2004-06-28,Tamil Nadu,Chennai,"Madras Medical College, Chennai",National Environmental Engineering Research Institute,"Residential, Rural and other Areas",6,5.25,19.67,78.67
159,2004-07-15,Tamil Nadu,Chennai,"Madras Medical College, Chennai",National Environmental Engineering Research Institute,"Residential, Rural and other Areas",6,4.5,38,55.33
159,2004-07-19,Tamil Nadu,Chennai,"Madras Medical College, Chennai",National Environmental Engineering Research Institute,"Residential, Rural and other Areas",6,4.5,38.67,63.33
159,2004-07-22,Tamil Nadu,Chennai,"Madras Medical College, Chennai",National Environmental Engineering Research Institute,"Residential, Rural and other Areas",6,5.25,49.33,111.67
159,2004-07-26,Tamil Nadu,Chennai,"Madras Medical College, Chennai",National Environmental Engineering Research Institute,"Residential, Rural and other Areas",6,5.42,26,107.33
159,2004-07-29,Tamil Nadu,Chennai,"Madras Medical College, Chennai",National Environmental Engineering Research Institute,"Residential, Rural and other Areas",6,4.5,32.33,80.67
159,2004-08-16,Tamil Nadu,Chennai,"Madras Medical College, Chennai",National Environmental Engineering Research Institute,"Residential, Rural and other Areas",6,5.42,28.67,140.33
159,2004-08-19,Tamil Nadu,Chennai,"Madras Medical College, Chennai",National Environmental Engineering Research Institute,"Residential, Rural and other Areas",6,5.42,37.33,76.33
159,2004-08-23,Tamil Nadu,Chennai,"Madras Medical College, Chennai",National Environmental Engineering Research Institute,"Residential, Rural and other Areas",6,4.5,39,85.33
159,2004-08-26,Tamil Nadu,Chennai,"Madras Medical College, Chennai",National Environmental Engineering Research Institute,"Residential, Rural and other Areas",6,4.83,31.67,112
159,2004-08-30,Tamil Nadu,Chennai,"Madras Medical College, Chennai",National Environmental Engineering Research Institute,"Residential, Rural and other Areas",6,3.83,38.67,103
159,2004-09-13,Tamil Nadu,Chennai,"Madras Medical College, Chennai",National Environmental Engineering Research Institute,"Residential, Rural and other Areas",6,6,34.67,99.33
159,2004-09-16,Tamil Nadu,Chennai,"Madras Medical College, Chennai",National Environmental Engineering Research Institute,"Residential, Rural and other Areas",6.67,3.33,30.33,122.33
159,2004-09-20,Tamil Nadu,Chennai,"Madras Medical College, Chennai",National Environmental Engineering Research Institute,"Residential, Rural and other Areas",6,3,29.33,144.67
159,2004-09-23,Tamil Nadu,Chennai,"Madras Medical College, Chennai",National Environmental Engineering Research Institute,"Residential, Rural and other Areas",6,4.17,59,137.67
159,2004-09-27,Tamil Nadu,Chennai,"Madras Medical College, Chennai",National Environmental Engineering Research Institute,"Residential, Rural and other Areas",6,3.33,46,136
159,2004-09-29,Tamil Nadu,Chennai,"Madras Medical College, Chennai",National Environmental Engineering Research Institute,"Residential, Rural and other Areas",6,3.83,33.33,109
159,2004-10-14,Tamil Nadu,Chennai,"Madras Medical College, Chennai",National Environmental Engineering Research Institute,"Residential, Rural and other Areas",2,4.5,41.67,117.67
159,2004-10-18,Tamil Nadu,Chennai,"Madras Medical College, Chennai",National Environmental Engineering Research Institute,"Residential, Rural and other Areas",2,4.5,26.33,104
159,2004-10-20,Tamil Nadu,Chennai,"Madras Medical College, Chennai",National Environmental Engineering Research Institute,"Residential, Rural and other Areas",2,4.5,47.67,185.67
159,2004-10-25,Tamil Nadu,Chennai,"Madras Medical College, Chennai",National Environmental Engineering Research Institute,"Residential, Rural and other Areas",2,4.5,17,113.33
159,2004-10-28,Tamil Nadu,Chennai,"Madras Medical College, Chennai",National Environmental Engineering Research Institute,"Residential, Rural and other Areas",2,4.5,21.67,81.33
159,2004-11-16,Tamil Nadu,Chennai,"Madras Medical College, Chennai",National Environmental Engineering Research Institute,"Residential, Rural and other Areas",2,4.5,28.67,114
159,2004-11-18,Tamil Nadu,Chennai,"Madras Medical College, Chennai",National Environmental Engineering Research Institute,"Residential, Rural and other Areas",2,4.5,33.33,70.67
159,2004-11-24,Tamil Nadu,Chennai,"Madras Medical College, Chennai",National Environmental Engineering Research Institute,"Residential, Rural and other Areas",2,5.38,38.67,86.67
159,2004-11-29,Tamil Nadu,Chennai,"Madras Medical College, Chennai",National Environmental Engineering Research Institute,"Residential, Rural and other Areas",3.07,5.6,29,143
159,2004-12-13,Tamil Nadu,Chennai,"Madras Medical College, Chennai",National Environmental Engineering Research Institute,"Residential, Rural and other Areas",2,4.5,36,100.33
159,2004-12-16,Tamil Nadu,Chennai,"Madras Medical College, Chennai",National Environmental Engineering Research Institute,"Residential, Rural and other Areas",2,5.47,23,94
159,2004-12-20,Tamil Nadu,Chennai,"Madras Medical College, Chennai",National Environmental Engineering Research Institute,"Residential, Rural and other Areas",2.63,9.15,27,99.33
159,2004-12-22,Tamil Nadu,Chennai,"Madras Medical College, Chennai",National Environmental Engineering Research Institute,"Residential, Rural and other Areas",2.58,28.07,66,152.67
159,2004-01-19,Tamil Nadu,Chennai,"Madras Medical College, Chennai",National Environmental Engineering Research Institute,"Residential, Rural and other Areas",2.9,5.6,44.33,103
159,2004-01-21,Tamil Nadu,Chennai,"Madras Medical College, Chennai",National Environmental Engineering Research Institute,"Residential, Rural and other Areas",3.07,8.97,36.33,131
159,2004-01-27,Tamil Nadu,Chennai,"Madras Medical College, Chennai",National Environmental Engineering Research Institute,"Residential, Rural and other Areas",2,5.42,26.67,81.33
159,2004-01-29,Tamil Nadu,Chennai,"Madras Medical College, Chennai",National Environmental Engineering Research Institute,"Residential, Rural and other Areas",21.25,4.5,21.33,77
159,2004-02-16,Tamil Nadu,Chennai,"Madras Medical College, Chennai",National Environmental Engineering Research Institute,"Residential, Rural and other Areas",2,8.13,26,74
159,2004-02-19,Tamil Nadu,Chennai,"Madras Medical College, Chennai",National Environmental Engineering Research Institute,"Residential, Rural and other Areas",12.58,4.5,22,60.33
159,2004-02-23,Tamil Nadu,Chennai,"Madras Medical College, Chennai",National Environmental Engineering Research Institute,"Residential, Rural and other Areas",2.72,4.5,15.33,63.67
159,2004-02-26,Tamil Nadu,Chennai,"Madras Medical College, Chennai",National Environmental Engineering Research Institute,"Residential, Rural and other Areas",2,4.5,48,109.33
159,2004-03-15,Tamil Nadu,Chennai,"Madras Medical College, Chennai",National Environmental Engineering Research Institute,"Residential, Rural and other Areas",2,4.5,41,56.33
159,2004-03-18,Tamil Nadu,Chennai,"Madras Medical College, Chennai",National Environmental Engineering Research Institute,"Residential, Rural and other Areas",2,4.5,18.67,60
159,2004-03-22,Tamil Nadu,Chennai,"Madras Medical College, Chennai",National Environmental Engineering Research Institute,"Residential, Rural and other Areas",2,4.5,28,48
159,2004-03-25,Tamil Nadu,Chennai,"Madras Medical College, Chennai",National Environmental Engineering Research Institute,"Residential, Rural and other Areas",2,5.32,7.67,55.33
159,2004-03-29,Tamil Nadu,Chennai,"Madras Medical College, Chennai",National Environmental Engineering Research Institute,"Residential, Rural and other Areas",5.58,4.5,49,109.33
159,2004-04-15,Tamil Nadu,Chennai,"Madras Medical College, Chennai",National Environmental Engineering Research Institute,"Residential, Rural and other Areas",2.48,10.03,49,105.33
159,2004-04-19,Tamil Nadu,Chennai,"Madras Medical College, Chennai",National Environmental Engineering Research Institute,"Residential, Rural and other Areas",2.88,7.47,45,95.67
159,2004-04-22,Tamil Nadu,Chennai,"Madras Medical College, Chennai",National Environmental Engineering Research Institute,"Residential, Rural and other Areas",2.53,9.07,35.33,67
159,2004-04-26,Tamil Nadu,Chennai,"Madras Medical College, Chennai",National Environmental Engineering Research Institute,"Residential, Rural and other Areas",4.88,10.53,37.33,83.33
159,2004-04-29,Tamil Nadu,Chennai,"Madras Medical College, Chennai",National Environmental Engineering Research Institute,"Residential, Rural and other Areas",2,8.44,83.33,117.67
159,2004-05-13,Tamil Nadu,Chennai,"Madras Medical College, Chennai",National Environmental Engineering Research Institute,"Residential, Rural and other Areas",3.33,6.3,13.67,49.67
159,2004-05-17,Tamil Nadu,Chennai,"Madras Medical College, Chennai",National Environmental Engineering Research Institute,"Residential, Rural and other Areas",2.57,12.63,67,109.67
159,2004-05-20,Tamil Nadu,Chennai,"Madras Medical College, Chennai",National Environmental Engineering Research Institute,"Residential, Rural and other Areas",3.37,5.58,48,122.33
159,2004-05-24,Tamil Nadu,Chennai,"Madras Medical College, Chennai",National Environmental Engineering Research Institute,"Residential, Rural and other Areas",4.28,4.5,27.33,103.67
159,2004-05-27,Tamil Nadu,Chennai,"Madras Medical College, Chennai",National Environmental Engineering Research Institute,"Residential, Rural and other Areas",3.8,7.1,46,98.33
159,2004-06-14,Tamil Nadu,Chennai,"Madras Medical College, Chennai",National Environmental Engineering Research Institute,"Residential, Rural and other Areas",2.87,5.32,32.67,45
159,2004-06-17,Tamil Nadu,Chennai,"Madras Medical College, Chennai",National Environmental Engineering Research Institute,"Residential, Rural and other Areas",7.67,8.72,16,35
159,2004-06-21,Tamil Nadu,Chennai,"Madras Medical College, Chennai",National Environmental Engineering Research Institute,"Residential, Rural and other Areas",7.65,6.08,27.67,48
159,2004-06-24,Tamil Nadu,Chennai,"Madras Medical College, Chennai",National Environmental Engineering Research Institute,"Residential, Rural and other Areas",3.9,6.08,35,64
159,2004-06-28,Tamil Nadu,Chennai,"Madras Medical College, Chennai",National Environmental Engineering Research Institute,"Residential, Rural and other Areas",9.97,13.65,28.67,90
159,2004-07-15,Tamil Nadu,Chennai,"Madras Medical College, Chennai",National Environmental Engineering Research Institute,"Residential, Rural and other Areas",9.5,16.33,49.67,126.67
159,2004-07-19,Tamil Nadu,Chennai,"Madras Medical College, Chennai",National Environmental Engineering Research Institute,"Residential, Rural and other Areas",6.87,8.87,24.67,107
159,2004-07-22,Tamil Nadu,Chennai,"Madras Medical College, Chennai",National Environmental Engineering Research Institute,"Residential, Rural and other Areas",13.98,16.22,57.33,130
159,2004-07-26,Tamil Nadu,Chennai,"Madras Medical College, Chennai",National Environmental Engineering Research Institute,"Residential, Rural and other Areas",3.28,16.22,55,108.33
159,2004-07-29,Tamil Nadu,Chennai,"Madras Medical College, Chennai",National Environmental Engineering Research Institute,"Residential, Rural and other Areas",11.7,9.43,57.33,127.67
160,2004-08-16,Tamil Nadu,Chennai,"NEERI, CSIR Campus Chennai",National Environmental Engineering Research Institute,"Residential, Rural and other Areas",4.42,6.67,45.33,107.33
160,2004-08-19,Tamil Nadu,Chennai,"NEERI, CSIR Campus Chennai",National Environmental Engineering Research Institute,"Residential, Rural and other Areas",4.42,4.5,30.67,72
160,2004-08-25,Tamil Nadu,Chennai,"NEERI, CSIR Campus Chennai",National Environmental Engineering Research Institute,"Residential, Rural and other Areas",4.42,4.5,42.33,113.67
160,2004-08-26,Tamil Nadu,Chennai,"NEERI, CSIR Campus Chennai",National Environmental Engineering Research Institute,"Residential, Rural and other Areas",4.43,9.5,43.67,117.33
160,2004-08-30,Tamil Nadu,Chennai,"NEERI, CSIR Campus Chennai",National Environmental Engineering Research Institute,"Residential, Rural and other Areas",4.43,4.5,30.67,98.67
160,2004-09-13,Tamil Nadu,Chennai,"NEERI, CSIR Campus Chennai",National Environmental Engineering Research Institute,"Residential, Rural and other Areas",4.43,4.5,30.33,68.67
160,2004-09-16,Tamil Nadu,Chennai,"NEERI, CSIR Campus Chennai",National Environmental Engineering Research Institute,"Residential, Rural and other Areas",4.43,4.5,15,47
160,2004-09-20,Tamil Nadu,Chennai,"NEERI, CSIR Campus Chennai",National Environmental Engineering Research Institute,"Residential, Rural and other Areas",4.43,4.5,11.33,61.67
160,2004-09-23,Tamil Nadu,Chennai,"NEERI, CSIR Campus Chennai",National Environmental Engineering Research Institute,"Residential, Rural and other Areas",4.41,4.5,33.67,92.67
160,2004-09-27,Tamil Nadu,Chennai,"NEERI, CSIR Campus Chennai",National Environmental Engineering Research Institute,"Residential, Rural and other Areas",4.41,4.5,28.33,88.33
160,2004-09-29,Tamil Nadu,Chennai,"NEERI, CSIR Campus Chennai",National Environmental Engineering Research Institute,"Residential, Rural and other Areas",4.41,4.5,16.67,66.67
160,2004-10-14,Tamil Nadu,Chennai,"NEERI, CSIR Campus Chennai",National Environmental Engineering Research Institute,"Residential, Rural and other Areas",4.41,5.42,32.33,113
160,2004-10-18,Tamil Nadu,Chennai,"NEERI, CSIR Campus Chennai",National Environmental Engineering Research Institute,"Residential, Rural and other Areas",4.41,4.5,44.67,178.67
160,2004-10-20,Tamil Nadu,Chennai,"NEERI, CSIR Campus Chennai",National Environmental Engineering Research Institute,"Residential, Rural and other Areas",4.41,8.25,44.67,128.33
160,2004-10-25,Tamil Nadu,Chennai,"NEERI, CSIR Campus Chennai",National Environmental Engineering Research Institute,"Residential, Rural and other Areas",4.42,4.5,43,101
160,2004-10-28,Tamil Nadu,Chennai,"NEERI, CSIR Campus Chennai",National Environmental Engineering Research Institute,"Residential, Rural and other Areas",4.42,5.75,40,118.33
160,2004-11-16,Tamil Nadu,Chennai,"NEERI, CSIR Campus Chennai",National Environmental Engineering Research Institute,"Residential, Rural and other Areas",4.42,4.5,37.33,126.33
160,2004-11-18,Tamil Nadu,Chennai,"NEERI, CSIR Campus Chennai",National Environmental Engineering Research Institute,"Residential, Rural and other Areas",4.43,5.75,32.67,85.67
160,2004-11-22,Tamil Nadu,Chennai,"NEERI, CSIR Campus Chennai",National Environmental Engineering Research Institute,"Residential, Rural and other Areas",4.43,7,43,108
160,2004-11-24,Tamil Nadu,Chennai,"NEERI, CSIR Campus Chennai",National Environmental Engineering Research Institute,"Residential, Rural and other Areas",4.46,5.42,44,130.33
160,2004-11-29,Tamil Nadu,Chennai,"NEERI, CSIR Campus Chennai",National Environmental Engineering Research Institute,"Residential, Rural and other Areas",4.47,4.5,26,111.67
160,2004-12-13,Tamil Nadu,Chennai,"NEERI, CSIR Campus Chennai",National Environmental Engineering Research Institute,"Residential, Rural and other Areas",4.47,4.5,25,131.67
160,2004-12-16,Tamil Nadu,Chennai,"NEERI, CSIR Campus Chennai",National Environmental Engineering Research Institute,"Residential, Rural and other Areas",4.47,4.5,25,122
160,2004-12-20,Tamil Nadu,Chennai,"NEERI, CSIR Campus Chennai",National Environmental Engineering Research Institute,"Residential, Rural and other Areas",4.47,4.5,13.33,97.33
160,2004-12-22,Tamil Nadu,Chennai,"NEERI, CSIR Campus Chennai",National Environmental Engineering Research Institute,"Residential, Rural and other Areas",4.47,4.5,18,132.33
160,2004-01-19,Tamil Nadu,Chennai,"NEERI, CSIR Campus Chennai",National Environmental Engineering Research Institute,"Residential, Rural and other Areas",4.47,4.5,17,103.67
160,2004-01-21,Tamil Nadu,Chennai,"NEERI, CSIR Campus Chennai",National Environmental Engineering Research Institute,"Residential, Rural and other Areas",4.47,4.5,20.33,116
160,2004-01-27,Tamil Nadu,Chennai,"NEERI, CSIR Campus Chennai",National Environmental Engineering Research Institute,"Residential, Rural and other Areas",4.47,4.5,17,117.33
160,2004-01-29,Tamil Nadu,Chennai,"NEERI, CSIR Campus Chennai",National Environmental Engineering Research Institute,"Residential, Rural and other Areas",4.47,4.5,27.33,130.33
160,2004-02-16,Tamil Nadu,Chennai,"NEERI, CSIR Campus Chennai",National Environmental Engineering Research Institute,"Residential, Rural and other Areas",4.48,4.5,21,137.33
160,2004-02-19,Tamil Nadu,Chennai,"NEERI, CSIR Campus Chennai",National Environmental Engineering Research Institute,"Residential, Rural and other Areas",4.48,4.5,20,96.67
160,2004-02-23,Tamil Nadu,Chennai,"NEERI, CSIR Campus Chennai",National Environmental Engineering Research Institute,"Residential, Rural and other Areas",4.48,4.5,14.33,80.33
160,2004-02-26,Tamil Nadu,Chennai,"NEERI, CSIR Campus Chennai",National Environmental Engineering Research Institute,"Residential, Rural and other Areas",4.48,4.5,10.33,41
160,2004-03-15,Tamil Nadu,Chennai,"NEERI, CSIR Campus Chennai",National Environmental Engineering Research Institute,"Residential, Rural and other Areas",4.48,4.5,14,79.33
160,2004-03-18,Tamil Nadu,Chennai,"NEERI, CSIR Campus Chennai",National Environmental Engineering Research Institute,"Residential, Rural and other Areas",4.48,4.5,26.33,125.67
160,2004-03-22,Tamil Nadu,Chennai,"NEERI, CSIR Campus Chennai",National Environmental Engineering Research Institute,"Residential, Rural and other Areas",4.5,4.5,25.67,131.67
160,2004-03-25,Tamil Nadu,Chennai,"NEERI, CSIR Campus Chennai",National Environmental Engineering Research Institute,"Residential, Rural and other Areas",4.5,4.5,16.67,84.33
160,2004-03-29,Tamil Nadu,Chennai,"NEERI, CSIR Campus Chennai",National Environmental Engineering Research Institute,"Residential, Rural and other Areas",4.5,4.5,21.67,129
160,2004-04-15,Tamil Nadu,Chennai,"NEERI, CSIR Campus Chennai",National Environmental Engineering Research Institute,"Residential, Rural and other Areas",4.5,4.5,14.33,58.33
160,2004-04-19,Tamil Nadu,Chennai,"NEERI, CSIR Campus Chennai",National Environmental Engineering Research Institute,"Residential, Rural and other Areas",4.5,4.5,38.67,124.33
160,2004-04-22,Tamil Nadu,Chennai,"NEERI, CSIR Campus Chennai",National Environmental Engineering Research Institute,"Residential, Rural and other Areas",4.5,5.67,13,130.67
160,2004-04-26,Tamil Nadu,Chennai,"NEERI, CSIR Campus Chennai",National Environmental Engineering Research Institute,"Residential, Rural and other Areas",4.5,5.33,11,84.67
160,2004-04-29,Tamil Nadu,Chennai,"NEERI, CSIR Campus Chennai",National Environmental Engineering Research Institute,"Residential, Rural and other Areas",4.51,3.17,11.67,88
160,2004-05-13,Tamil Nadu,Chennai,"NEERI, CSIR Campus Chennai",National Environmental Engineering Research Institute,"Residential, Rural and other Areas",4.54,3.33,21,110
160,2004-05-17,Tamil Nadu,Chennai,"NEERI, CSIR Campus Chennai",National Environmental Engineering Research Institute,"Residential, Rural and other Areas",4.54,3.17,13.67,125.67
160,2004-05-20,Tamil Nadu,Chennai,"NEERI, CSIR Campus Chennai",National Environmental Engineering Research Institute,"Residential, Rural and other Areas",4.54,3.17,25.33,149
160,2004-05-24,Tamil Nadu,Chennai,"NEERI, CSIR Campus Chennai",National Environmental Engineering Research Institute,"Residential, Rural and other Areas",4.54,3,25,132.33
160,2004-05-27,Tamil Nadu,Chennai,"NEERI, CSIR Campus Chennai",National Environmental Engineering Research Institute,"Residential, Rural and other Areas",4.54,3,18,105
160,2004-06-14,Tamil Nadu,Chennai,"NEERI, CSIR Campus Chennai",National Environmental Engineering Research Institute,"Residential, Rural and other Areas",4.55,4.5,20,87.67
160,2004-06-17,Tamil Nadu,Chennai,"NEERI, CSIR Campus Chennai",National Environmental Engineering Research Institute,"Residential, Rural and other Areas",4.56,4.5,13,96
160,2004-06-21,Tamil Nadu,Chennai,"NEERI, CSIR Campus Chennai",National Environmental Engineering Research Institute,"Residential, Rural and other Areas",4.57,4.5,30.67,106
160,2004-06-24,Tamil Nadu,Chennai,"NEERI, CSIR Campus Chennai",National Environmental Engineering Research Institute,"Residential, Rural and other Areas",4.63,4.5,15.33,97.33
160,2004-06-28,Tamil Nadu,Chennai,"NEERI, CSIR Campus Chennai",National Environmental Engineering Research Institute,"Residential, Rural and other Areas",4.63,4.5,15.33,114
160,2004-07-15,Tamil Nadu,Chennai,"NEERI, CSIR Campus Chennai",National Environmental Engineering Research Institute,"Residential, Rural and other Areas",4.63,4.5,16,86
160,2004-07-19,Tamil Nadu,Chennai,"NEERI, CSIR Campus Chennai",National Environmental Engineering Research Institute,"Residential, Rural and other Areas",4.66,4.5,19.33,79
160,2004-07-22,Tamil Nadu,Chennai,"NEERI, CSIR Campus Chennai",National Environmental Engineering Research Institute,"Residential, Rural and other Areas",4.66,4.5,22.67,80.33
160,2004-07-26,Tamil Nadu,Chennai,"NEERI, CSIR Campus Chennai",National Environmental Engineering Research Institute,"Residential, Rural and other Areas",4.7,4.5,21.67,134.33
160,2004-07-29,Tamil Nadu,Chennai,"NEERI, CSIR Campus Chennai",National Environmental Engineering Research Institute,"Residential, Rural and other Areas",4.72,5.47,14,109
160,2004-08-16,Tamil Nadu,Chennai,"NEERI, CSIR Campus Chennai",National Environmental Engineering Research Institute,"Residential, Rural and other Areas",4.76,4.5,11.67,91
160,2004-08-19,Tamil Nadu,Chennai,"NEERI, CSIR Campus Chennai",National Environmental Engineering Research Institute,"Residential, Rural and other Areas",4.79,4.5,12.33,69
160,2004-08-23,Tamil Nadu,Chennai,"NEERI, CSIR Campus Chennai",National Environmental Engineering Research Institute,"Residential, Rural and other Areas",4.84,7.25,16.67,75
160,2004-08-26,Tamil Nadu,Chennai,"NEERI, CSIR Campus Chennai",National Environmental Engineering Research Institute,"Residential, Rural and other Areas",5.03,4.5,23,100
160,2004-08-30,Tamil Nadu,Chennai,"NEERI, CSIR Campus Chennai",National Environmental Engineering Research Institute,"Residential, Rural and other Areas",5.07,9.15,16.33,89.33
160,2004-09-13,Tamil Nadu,Chennai,"NEERI, CSIR Campus Chennai",National Environmental Engineering Research Institute,"Residential, Rural and other Areas",5.09,9.15,13.33,100
160,2004-09-16,Tamil Nadu,Chennai,"NEERI, CSIR Campus Chennai",National Environmental Engineering Research Institute,"Residential, Rural and other Areas",5.12,4.5,14,102.67
160,2004-09-20,Tamil Nadu,Chennai,"NEERI, CSIR Campus Chennai",National Environmental Engineering Research Institute,"Residential, Rural and other Areas",5.12,7.67,13,71
160,2004-09-23,Tamil Nadu,Chennai,"NEERI, CSIR Campus Chennai",National Environmental Engineering Research Institute,"Residential, Rural and other Areas",5.12,4.5,7.67,81.67
160,2004-09-27,Tamil Nadu,Chennai,"NEERI, CSIR Campus Chennai",National Environmental Engineering Research Institute,"Residential, Rural and other Areas",5.12,4.5,10.67,78.67
160,2004-09-29,Tamil Nadu,Chennai,"NEERI, CSIR Campus Chennai",National Environmental Engineering Research Institute,"Residential, Rural and other Areas",5.15,4.5,18.67,67
160,2004-10-14,Tamil Nadu,Chennai,"NEERI, CSIR Campus Chennai",National Environmental Engineering Research Institute,"Residential, Rural and other Areas",5.15,4.5,4,51
160,2004-10-18,Tamil Nadu,Chennai,"NEERI, CSIR Campus Chennai",National Environmental Engineering Research Institute,"Residential, Rural and other Areas",5.16,5.48,3,84.67
160,2004-10-20,Tamil Nadu,Chennai,"NEERI, CSIR Campus Chennai",National Environmental Engineering Research Institute,"Residential, Rural and other Areas",5.16,4.5,8.33,17.33
160,2004-10-25,Tamil Nadu,Chennai,"NEERI, CSIR Campus Chennai",National Environmental Engineering Research Institute,"Residential, Rural and other Areas",5.16,4.5,12,62.33
160,2004-10-28,Tamil Nadu,Chennai,"NEERI, CSIR Campus Chennai",National Environmental Engineering Research Institute,"Residential, Rural and other Areas",5.16,4.5,29,125.33
160,2004-11-16,Tamil Nadu,Chennai,"NEERI, CSIR Campus Chennai",National Environmental Engineering Research Institute,"Residential, Rural and other Areas",5.18,6.42,31.33,69.33
160,2004-11-18,Tamil Nadu,Chennai,"NEERI, CSIR Campus Chennai",National Environmental Engineering Research Institute,"Residential, Rural and other Areas",5.21,4.5,27.33,88
160,2004-11-22,Tamil Nadu,Chennai,"NEERI, CSIR Campus Chennai",National Environmental Engineering Research Institute,"Residential, Rural and other Areas",5.26,4.5,3,28
160,2004-11-24,Tamil Nadu,Chennai,"NEERI, CSIR Campus Chennai",National Environmental Engineering Research Institute,"Residential, Rural and other Areas",5.27,4.5,25.33,38.33
160,2004-11-29,Tamil Nadu,Chennai,"NEERI, CSIR Campus Chennai",National Environmental Engineering Research Institute,"Residential, Rural and other Areas",5.37,4.5,6.33,43.33
160,2004-12-13,Tamil Nadu,Chennai,"NEERI, CSIR Campus Chennai",National Environmental Engineering Research Institute,"Residential, Rural and other Areas",5.37,4.5,8.33,33.33
160,2004-12-16,Tamil Nadu,Chennai,"NEERI, CSIR Campus Chennai",National Environmental Engineering Research Institute,"Residential, Rural and other Areas",5.45,8.93,18.67,41
160,2004-12-20,Tamil Nadu,Chennai,"NEERI, CSIR Campus Chennai",National Environmental Engineering Research Institute,"Residential, Rural and other Areas",5.47,4.5,20,46.67
160,2004-12-22,Tamil Nadu,Chennai,"NEERI, CSIR Campus Chennai",National Environmental Engineering Research Institute,"Residential, Rural and other Areas",5.49,4.5,11.33,22.33
160,2004-01-13,Tamil Nadu,Chennai,"NEERI, CSIR Campus Chennai",National Environmental Engineering Research Institute,"Residential, Rural and other Areas",5.54,4.5,20.33,43.67
160,2004-01-20,Tamil Nadu,Chennai,"NEERI, CSIR Campus Chennai",National Environmental Engineering Research Institute,"Residential, Rural and other Areas",5.59,10.52,14.33,37.33
160,2004-01-23,Tamil Nadu,Chennai,"NEERI, CSIR Campus Chennai",National Environmental Engineering Research Institute,"Residential, Rural and other Areas",5.59,6.9,19.67,29.33
160,2004-01-27,Tamil Nadu,Chennai,"NEERI, CSIR Campus Chennai",National Environmental Engineering Research Institute,"Residential, Rural and other Areas",5.6,5.32,10.67,23.33
160,2004-01-30,Tamil Nadu,Chennai,"NEERI, CSIR Campus Chennai",National Environmental Engineering Research Institute,"Residential, Rural and other Areas",5.68,4.5,13.33,18.33
160,2004-02-13,Tamil Nadu,Chennai,"NEERI, CSIR Campus Chennai",National Environmental Engineering Research Institute,"Residential, Rural and other Areas",5.77,8.35,27,50.67
160,2004-02-17,Tamil Nadu,Chennai,"NEERI, CSIR Campus Chennai",National Environmental Engineering Research Institute,"Residential, Rural and other Areas",5.76,5.32,23.67,48
160,2004-02-20,Tamil Nadu,Chennai,"NEERI, CSIR Campus Chennai",National Environmental Engineering Research Institute,"Residential, Rural and other Areas",5.66,5.32,15,35
160,2004-02-24,Tamil Nadu,Chennai,"NEERI, CSIR Campus Chennai",National Environmental Engineering Research Institute,"Residential, Rural and other Areas",5.65,4.5,25,63
160,2004-02-27,Tamil Nadu,Chennai,"NEERI, CSIR Campus Chennai",National Environmental Engineering Research Institute,"Residential, Rural and other Areas",5.7,5.62,36.67,71
160,2004-03-16,Tamil Nadu,Chennai,"NEERI, CSIR Campus Chennai",National Environmental Engineering Research Institute,"Residential, Rural and other Areas",5.69,10.87,44,77.33
160,2004-03-19,Tamil Nadu,Chennai,"NEERI, CSIR Campus Chennai",National Environmental Engineering Research Institute,"Residential, Rural and other Areas",5.72,10.9,30.67,53
161,2004-03-23,Tamil Nadu,Chennai,"Thiruvottiyur Municipal Office, Chennai",National Environmental Engineering Research Institute,Industrial Area,5.8,5.75,34.33,160.33
161,2004-03-26,Tamil Nadu,Chennai,"Thiruvottiyur Municipal Office, Chennai",National Environmental Engineering Research Institute,Industrial Area,5.8,4.5,20.33,158.33
161,2004-03-30,Tamil Nadu,Chennai,"Thiruvottiyur Municipal Office, Chennai",National Environmental Engineering Research Institute,Industrial Area,5.79,4.5,41.33,198.33
161,2004-04-16,Tamil Nadu,Chennai,"Thiruvottiyur Municipal Office, Chennai",National Environmental Engineering Research Institute,Industrial Area,5.79,4.5,57.67,129.5
161,2004-04-20,Tamil Nadu,Chennai,"Thiruvottiyur Municipal Office, Chennai",National Environmental Engineering Research Institute,Industrial Area,5.78,4.5,35.33,179.33
161,2004-04-23,Tamil Nadu,Chennai,"Thiruvottiyur Municipal Office, Chennai",National Environmental Engineering Research Institute,Industrial Area,5.78,4.5,48.67,218.33
161,2004-04-27,Tamil Nadu,Chennai,"Thiruvottiyur Municipal Office, Chennai",National Environmental Engineering Research Institute,Industrial Area,5.78,5.88,21.5,118
161,2004-04-30,Tamil Nadu,Chennai,"Thiruvottiyur Municipal Office, Chennai",National Environmental Engineering Research Institute,Industrial Area,5.78,4.5,61.5,260
161,2004-05-14,Tamil Nadu,Chennai,"Thiruvottiyur Municipal Office, Chennai",National Environmental Engineering Research Institute,Industrial Area,5.78,5.25,27.33,152.33
161,2004-05-18,Tamil Nadu,Chennai,"Thiruvottiyur Municipal Office, Chennai",National Environmental Engineering Research Institute,Industrial Area,5.77,4.5,19,178.33
161,2004-05-21,Tamil Nadu,Chennai,"Thiruvottiyur Municipal Office, Chennai",National Environmental Engineering Research Institute,Industrial Area,5.77,5.58,29.67,185
161,2004-05-25,Tamil Nadu,Chennai,"Thiruvottiyur Municipal Office, Chennai",National Environmental Engineering Research Institute,Industrial Area,5.77,4.5,20.67,165.33
161,2004-05-28,Tamil Nadu,Chennai,"Thiruvottiyur Municipal Office, Chennai",National Environmental Engineering Research Institute,Industrial Area,5.76,4.5,50.33,216
161,2004-06-15,Tamil Nadu,Chennai,"Thiruvottiyur Municipal Office, Chennai",National Environmental Engineering Research Institute,Industrial Area,5.76,11.33,80.33,229.33
161,2004-06-18,Tamil Nadu,Chennai,"Thiruvottiyur Municipal Office, Chennai",National Environmental Engineering Research Institute,Industrial Area,5.75,5.6,44,194
161,2004-06-22,Tamil Nadu,Chennai,"Thiruvottiyur Municipal Office, Chennai",National Environmental Engineering Research Institute,Industrial Area,5.75,8.92,50.67,NA
161,2004-06-25,Tamil Nadu,Chennai,"Thiruvottiyur Municipal Office, Chennai",National Environmental Engineering Research Institute,Industrial Area,5.74,7.83,63.67,214.33
161,2004-06-29,Tamil Nadu,Chennai,"Thiruvottiyur Municipal Office, Chennai",National Environmental Engineering Research Institute,Industrial Area,5.73,6.08,37,158.33
161,2004-07-20,Tamil Nadu,Chennai,"Thiruvottiyur Municipal Office, Chennai",National Environmental Engineering Research Institute,Industrial Area,5.72,9.17,56.67,197.33
161,2004-08-13,Tamil Nadu,Chennai,"Thiruvottiyur Municipal Office, Chennai",National Environmental Engineering Research Institute,Industrial Area,5.68,4.5,43.33,127
161,2004-08-17,Tamil Nadu,Chennai,"Thiruvottiyur Municipal Office, Chennai",National Environmental Engineering Research Institute,Industrial Area,5.67,4.5,24.67,162
161,2004-08-20,Tamil Nadu,Chennai,"Thiruvottiyur Municipal Office, Chennai",National Environmental Engineering Research Institute,Industrial Area,5.66,4.5,56.33,193.67
161,2004-08-24,Tamil Nadu,Chennai,"Thiruvottiyur Municipal Office, Chennai",National Environmental Engineering Research Institute,Industrial Area,5.65,5.58,30.33,178.67
161,2004-08-27,Tamil Nadu,Chennai,"Thiruvottiyur Municipal Office, Chennai",National Environmental Engineering Research Institute,Industrial Area,5.65,4.5,17.67,137.67
161,2004-08-31,Tamil Nadu,Chennai,"Thiruvottiyur Municipal Office, Chennai",National Environmental Engineering Research Institute,Industrial Area,5.64,4.5,60.67,251.33
161,2004-09-14,Tamil Nadu,Chennai,"Thiruvottiyur Municipal Office, Chennai",National Environmental Engineering Research Institute,Industrial Area,5.64,4.5,35.33,229.33
161,2004-09-17,Tamil Nadu,Chennai,"Thiruvottiyur Municipal Office, Chennai",National Environmental Engineering Research Institute,Industrial Area,5.63,4.5,27.33,238.33
161,2004-09-21,Tamil Nadu,Chennai,"Thiruvottiyur Municipal Office, Chennai",National Environmental Engineering Research Institute,Industrial Area,5.63,4.5,67.5,293.5
161,2004-09-24,Tamil Nadu,Chennai,"Thiruvottiyur Municipal Office, Chennai",National Environmental Engineering Research Institute,Industrial Area,5.62,4.5,79.33,149.33
161,2004-09-28,Tamil Nadu,Chennai,"Thiruvottiyur Municipal Office, Chennai",National Environmental Engineering Research Institute,Industrial Area,5.6,4.5,34,165
161,2004-10-15,Tamil Nadu,Chennai,"Thiruvottiyur Municipal Office, Chennai",National Environmental Engineering Research Institute,Industrial Area,5.6,4.5,21,135.67
161,2004-10-19,Tamil Nadu,Chennai,"Thiruvottiyur Municipal Office, Chennai",National Environmental Engineering Research Institute,Industrial Area,5.59,4.5,74.33,133
161,2004-10-26,Tamil Nadu,Chennai,"Thiruvottiyur Municipal Office, Chennai",National Environmental Engineering Research Institute,Industrial Area,5.59,4.5,35,85
161,2004-10-29,Tamil Nadu,Chennai,"Thiruvottiyur Municipal Office, Chennai",National Environmental Engineering Research Institute,Industrial Area,5.58,4.5,32.67,69.33
161,2004-11-16,Tamil Nadu,Chennai,"Thiruvottiyur Municipal Office, Chennai",National Environmental Engineering Research Institute,Industrial Area,5.57,5.25,38.67,203
161,2004-11-19,Tamil Nadu,Chennai,"Thiruvottiyur Municipal Office, Chennai",National Environmental Engineering Research Institute,Industrial Area,5.54,4.5,19.67,215.67
161,2004-11-23,Tamil Nadu,Chennai,"Thiruvottiyur Municipal Office, Chennai",National Environmental Engineering Research Institute,Industrial Area,5.53,4.5,11.67,145.67
161,2004-11-26,Tamil Nadu,Chennai,"Thiruvottiyur Municipal Office, Chennai",National Environmental Engineering Research Institute,Industrial Area,5.52,4.5,35.67,202.67
161,2004-11-30,Tamil Nadu,Chennai,"Thiruvottiyur Municipal Office, Chennai",National Environmental Engineering Research Institute,Industrial Area,5.51,4.5,17.33,107.33
161,2004-12-14,Tamil Nadu,Chennai,"Thiruvottiyur Municipal Office, Chennai",National Environmental Engineering Research Institute,Industrial Area,5.5,4.5,31,156.33
161,2004-12-24,Tamil Nadu,Chennai,"Thiruvottiyur Municipal Office, Chennai",National Environmental Engineering Research Institute,Industrial Area,5.49,8.67,28.33,132.33
161,2004-12-28,Tamil Nadu,Chennai,"Thiruvottiyur Municipal Office, Chennai",National Environmental Engineering Research Institute,Industrial Area,5.47,8.83,22,140.67
161,2004-12-31,Tamil Nadu,Chennai,"Thiruvottiyur Municipal Office, Chennai",National Environmental Engineering Research Institute,Industrial Area,5.46,8.33,50.67,152.33
161,2004-01-14,Tamil Nadu,Chennai,"Thiruvottiyur Municipal Office, Chennai",National Environmental Engineering Research Institute,Industrial Area,5.39,8,59.33,245.33
161,2004-01-21,Tamil Nadu,Chennai,"Thiruvottiyur Municipal Office, Chennai",National Environmental Engineering Research Institute,Industrial Area,5.38,3.67,107,338
161,2004-01-24,Tamil Nadu,Chennai,"Thiruvottiyur Municipal Office, Chennai",National Environmental Engineering Research Institute,Industrial Area,5.36,5.33,37.67,154
161,2004-01-28,Tamil Nadu,Chennai,"Thiruvottiyur Municipal Office, Chennai",National Environmental Engineering Research Institute,Industrial Area,5.35,4.33,52.67,168.67
161,2004-01-31,Tamil Nadu,Chennai,"Thiruvottiyur Municipal Office, Chennai",National Environmental Engineering Research Institute,Industrial Area,5.33,3.67,88.33,148.33
161,2004-02-14,Tamil Nadu,Chennai,"Thiruvottiyur Municipal Office, Chennai",National Environmental Engineering Research Institute,Industrial Area,5.31,4.5,34.33,135
161,2004-02-18,Tamil Nadu,Chennai,"Thiruvottiyur Municipal Office, Chennai",National Environmental Engineering Research Institute,Industrial Area,5.35,4.5,41,83.67
161,2004-02-21,Tamil Nadu,Chennai,"Thiruvottiyur Municipal Office, Chennai",National Environmental Engineering Research Institute,Industrial Area,5.42,7.02,55,206.67
161,2004-02-25,Tamil Nadu,Chennai,"Thiruvottiyur Municipal Office, Chennai",National Environmental Engineering Research Institute,Industrial Area,5.36,4.5,38,96
161,2004-02-28,Tamil Nadu,Chennai,"Thiruvottiyur Municipal Office, Chennai",National Environmental Engineering Research Institute,Industrial Area,5.44,6.03,9,118.33
161,2004-03-17,Tamil Nadu,Chennai,"Thiruvottiyur Municipal Office, Chennai",National Environmental Engineering Research Institute,Industrial Area,5.52,4.5,28,157.33
161,2004-03-20,Tamil Nadu,Chennai,"Thiruvottiyur Municipal Office, Chennai",National Environmental Engineering Research Institute,Industrial Area,5.54,4.5,29.33,161.67
161,2004-03-24,Tamil Nadu,Chennai,"Thiruvottiyur Municipal Office, Chennai",National Environmental Engineering Research Institute,Industrial Area,5.63,6.33,28.67,121.67
161,2004-03-27,Tamil Nadu,Chennai,"Thiruvottiyur Municipal Office, Chennai",National Environmental Engineering Research Institute,Industrial Area,5.63,8.48,17.33,160
161,2004-04-14,Tamil Nadu,Chennai,"Thiruvottiyur Municipal Office, Chennai",National Environmental Engineering Research Institute,Industrial Area,5.68,8.52,19.67,176.67
161,2004-04-17,Tamil Nadu,Chennai,"Thiruvottiyur Municipal Office, Chennai",National Environmental Engineering Research Institute,Industrial Area,5.67,5.75,25.67,160.33
161,2004-04-21,Tamil Nadu,Chennai,"Thiruvottiyur Municipal Office, Chennai",National Environmental Engineering Research Institute,Industrial Area,5.67,8.4,25.33,165
161,2004-04-24,Tamil Nadu,Chennai,"Thiruvottiyur Municipal Office, Chennai",National Environmental Engineering Research Institute,Industrial Area,5.65,26.04,71,350.33
161,2004-04-28,Tamil Nadu,Chennai,"Thiruvottiyur Municipal Office, Chennai",National Environmental Engineering Research Institute,Industrial Area,5.24,4.5,75.67,158.33
161,2004-05-15,Tamil Nadu,Chennai,"Thiruvottiyur Municipal Office, Chennai",National Environmental Engineering Research Institute,Industrial Area,5.21,10.02,33,200.33
161,2004-05-19,Tamil Nadu,Chennai,"Thiruvottiyur Municipal Office, Chennai",National Environmental Engineering Research Institute,Industrial Area,5.28,17.03,21,211.67
161,2004-05-22,Tamil Nadu,Chennai,"Thiruvottiyur Municipal Office, Chennai",National Environmental Engineering Research Institute,Industrial Area,5.29,5.75,18,174
161,2004-05-26,Tamil Nadu,Chennai,"Thiruvottiyur Municipal Office, Chennai",National Environmental Engineering Research Institute,Industrial Area,5.4,5.6,22.33,140
161,2004-05-29,Tamil Nadu,Chennai,"Thiruvottiyur Municipal Office, Chennai",National Environmental Engineering Research Institute,Industrial Area,5.52,11.62,48,151
161,2004-06-16,Tamil Nadu,Chennai,"Thiruvottiyur Municipal Office, Chennai",National Environmental Engineering Research Institute,Industrial Area,5.64,4.5,18.33,450.67
161,2004-06-19,Tamil Nadu,Chennai,"Thiruvottiyur Municipal Office, Chennai",National Environmental Engineering Research Institute,Industrial Area,5.67,7.23,18.67,84.67
161,2004-06-23,Tamil Nadu,Chennai,"Thiruvottiyur Municipal Office, Chennai",National Environmental Engineering Research Institute,Industrial Area,5.81,5.55,16.67,64.67
161,2004-06-26,Tamil Nadu,Chennai,"Thiruvottiyur Municipal Office, Chennai",National Environmental Engineering Research Institute,Industrial Area,5.81,4.5,10.33,61
161,2004-06-30,Tamil Nadu,Chennai,"Thiruvottiyur Municipal Office, Chennai",National Environmental Engineering Research Institute,Industrial Area,5.97,4.5,50,99.67
161,2004-08-14,Tamil Nadu,Chennai,"Thiruvottiyur Municipal Office, Chennai",National Environmental Engineering Research Institute,Industrial Area,6.14,6.27,31,111.33
161,2004-08-18,Tamil Nadu,Chennai,"Thiruvottiyur Municipal Office, Chennai",National Environmental Engineering Research Institute,Industrial Area,6.33,12.82,71.33,200
161,2004-08-21,Tamil Nadu,Chennai,"Thiruvottiyur Municipal Office, Chennai",National Environmental Engineering Research Institute,Industrial Area,6.22,6.37,27.67,106
161,2004-08-25,Tamil Nadu,Chennai,"Thiruvottiyur Municipal Office, Chennai",National Environmental Engineering Research Institute,Industrial Area,6.32,7.68,38.67,146
161,2004-08-28,Tamil Nadu,Chennai,"Thiruvottiyur Municipal Office, Chennai",National Environmental Engineering Research Institute,Industrial Area,6.3,6.36,37.33,94.33
161,2004-09-15,Tamil Nadu,Chennai,"Thiruvottiyur Municipal Office, Chennai",National Environmental Engineering Research Institute,Industrial Area,6.49,12.2,28.33,113.33
161,2004-09-22,Tamil Nadu,Chennai,"Thiruvottiyur Municipal Office, Chennai",National Environmental Engineering Research Institute,Industrial Area,6.19,5.27,26,86.67
161,2004-09-29,Tamil Nadu,Chennai,"Thiruvottiyur Municipal Office, Chennai",National Environmental Engineering Research Institute,Industrial Area,6.42,6.62,17.67,41.33
161,2004-10-13,Tamil Nadu,Chennai,"Thiruvottiyur Municipal Office, Chennai",National Environmental Engineering Research Institute,Industrial Area,6.22,5.35,30.67,91
161,2004-10-20,Tamil Nadu,Chennai,"Thiruvottiyur Municipal Office, Chennai",National Environmental Engineering Research Institute,Industrial Area,6.42,4.5,31.67,158.33
161,2004-10-27,Tamil Nadu,Chennai,"Thiruvottiyur Municipal Office, Chennai",National Environmental Engineering Research Institute,Industrial Area,6.55,5.5,5,54.67
161,2004-11-17,Tamil Nadu,Chennai,"Thiruvottiyur Municipal Office, Chennai",National Environmental Engineering Research Institute,Industrial Area,6.51,5.32,19,189.67
161,2004-11-20,Tamil Nadu,Chennai,"Thiruvottiyur Municipal Office, Chennai",National Environmental Engineering Research Institute,Industrial Area,6.57,7.7,100.67,148
161,2004-11-24,Tamil Nadu,Chennai,"Thiruvottiyur Municipal Office, Chennai",National Environmental Engineering Research Institute,Industrial Area,7.02,14.32,29.33,86.67
161,2004-11-27,Tamil Nadu,Chennai,"Thiruvottiyur Municipal Office, Chennai",National Environmental Engineering Research Institute,Industrial Area,7.33,9.12,30.33,64.33
161,2004-12-15,Tamil Nadu,Chennai,"Thiruvottiyur Municipal Office, Chennai",National Environmental Engineering Research Institute,Industrial Area,7.03,14.63,26,141
161,2004-12-22,Tamil Nadu,Chennai,"Thiruvottiyur Municipal Office, Chennai",National Environmental Engineering Research Institute,Industrial Area,6.34,4.5,29.67,69.67
161,2004-12-29,Tamil Nadu,Chennai,"Thiruvottiyur Municipal Office, Chennai",National Environmental Engineering Research Institute,Industrial Area,7.06,16.43,87.67,125
161,2004-01-19,Tamil Nadu,Chennai,"Thiruvottiyur Municipal Office, Chennai",National Environmental Engineering Research Institute,Industrial Area,6.88,18.67,57,191.33
161,2004-01-22,Tamil Nadu,Chennai,"Thiruvottiyur Municipal Office, Chennai",National Environmental Engineering Research Institute,Industrial Area,7.1,14.78,33.33,149.67
161,2004-01-29,Tamil Nadu,Chennai,"Thiruvottiyur Municipal Office, Chennai",National Environmental Engineering Research Institute,Industrial Area,7.18,18.08,81.67,244.33
161,2004-02-16,Tamil Nadu,Chennai,"Thiruvottiyur Municipal Office, Chennai",National Environmental Engineering Research Institute,Industrial Area,7.92,5.32,79,218.33
161,2004-02-19,Tamil Nadu,Chennai,"Thiruvottiyur Municipal Office, Chennai",National Environmental Engineering Research Institute,Industrial Area,10.68,4.5,40.67,192
237,2004-02-23,Tamil Nadu,Coimbatore,"SIDCO Office, Coimbatore",Tamilnadu State Pollution Control Board,Industrial Area,8.1,61,50,136
237,2004-02-26,Tamil Nadu,Coimbatore,"SIDCO Office, Coimbatore",Tamilnadu State Pollution Control Board,Industrial Area,12.6,52,40,118
237,2004-03-15,Tamil Nadu,Coimbatore,"SIDCO Office, Coimbatore",Tamilnadu State Pollution Control Board,Industrial Area,13.2,55,75,197
237,2004-03-18,Tamil Nadu,Coimbatore,"SIDCO Office, Coimbatore",Tamilnadu State Pollution Control Board,Industrial Area,10.8,61,89,221
237,2004-03-22,Tamil Nadu,Coimbatore,"SIDCO Office, Coimbatore",Tamilnadu State Pollution Control Board,Industrial Area,11.2,69,96,174
237,2004-03-25,Tamil Nadu,Coimbatore,"SIDCO Office, Coimbatore",Tamilnadu State Pollution Control Board,Industrial Area,13.3,57,71,162
237,2004-03-29,Tamil Nadu,Coimbatore,"SIDCO Office, Coimbatore",Tamilnadu State Pollution Control Board,Industrial Area,11.5,61,54,101
237,2004-04-15,Tamil Nadu,Coimbatore,"SIDCO Office, Coimbatore",Tamilnadu State Pollution Control Board,Industrial Area,13,51,70,135
237,2004-04-19,Tamil Nadu,Coimbatore,"SIDCO Office, Coimbatore",Tamilnadu State Pollution Control Board,Industrial Area,10.8,53,73,198
237,2004-04-22,Tamil Nadu,Coimbatore,"SIDCO Office, Coimbatore",Tamilnadu State Pollution Control Board,Industrial Area,7.6,50,67,124
237,2004-04-26,Tamil Nadu,Coimbatore,"SIDCO Office, Coimbatore",Tamilnadu State Pollution Control Board,Industrial Area,8.8,44,50,63
237,2004-04-29,Tamil Nadu,Coimbatore,"SIDCO Office, Coimbatore",Tamilnadu State Pollution Control Board,Industrial Area,13.7,57,37,52
237,2004-05-13,Tamil Nadu,Coimbatore,"SIDCO Office, Coimbatore",Tamilnadu State Pollution Control Board,Industrial Area,13.2,67,74,206
237,2004-05-17,Tamil Nadu,Coimbatore,"SIDCO Office, Coimbatore",Tamilnadu State Pollution Control Board,Industrial Area,5.3,29,50,194
237,2004-05-20,Tamil Nadu,Coimbatore,"SIDCO Office, Coimbatore",Tamilnadu State Pollution Control Board,Industrial Area,12.6,59,67,160
237,2004-05-24,Tamil Nadu,Coimbatore,"SIDCO Office, Coimbatore",Tamilnadu State Pollution Control Board,Industrial Area,12.6,61,95,186
237,2004-05-27,Tamil Nadu,Coimbatore,"SIDCO Office, Coimbatore",Tamilnadu State Pollution Control Board,Industrial Area,7.5,46,104,255
237,2004-05-31,Tamil Nadu,Coimbatore,"SIDCO Office, Coimbatore",Tamilnadu State Pollution Control Board,Industrial Area,8.6,48,109,291
237,2004-06-14,Tamil Nadu,Coimbatore,"SIDCO Office, Coimbatore",Tamilnadu State Pollution Control Board,Industrial Area,2.3,21,NA,NA
237,2004-06-17,Tamil Nadu,Coimbatore,"SIDCO Office, Coimbatore",Tamilnadu State Pollution Control Board,Industrial Area,8.3,53,88,220
237,2004-06-21,Tamil Nadu,Coimbatore,"SIDCO Office, Coimbatore",Tamilnadu State Pollution Control Board,Industrial Area,10.5,50,74,172
237,2004-06-24,Tamil Nadu,Coimbatore,"SIDCO Office, Coimbatore",Tamilnadu State Pollution Control Board,Industrial Area,9.3,65,81,183
237,2004-06-28,Tamil Nadu,Coimbatore,"SIDCO Office, Coimbatore",Tamilnadu State Pollution Control Board,Industrial Area,12.3,49,77,165
237,2004-07-19,Tamil Nadu,Coimbatore,"SIDCO Office, Coimbatore",Tamilnadu State Pollution Control Board,Industrial Area,8.6,55,73,120
237,2004-08-16,Tamil Nadu,Coimbatore,"SIDCO Office, Coimbatore",Tamilnadu State Pollution Control Board,Industrial Area,10,48,69,106
237,2004-08-19,Tamil Nadu,Coimbatore,"SIDCO Office, Coimbatore",Tamilnadu State Pollution Control Board,Industrial Area,8.2,54,28,42
237,2004-08-23,Tamil Nadu,Coimbatore,"SIDCO Office, Coimbatore",Tamilnadu State Pollution Control Board,Industrial Area,4.5,18,75,275
237,2004-08-26,Tamil Nadu,Coimbatore,"SIDCO Office, Coimbatore",Tamilnadu State Pollution Control Board,Industrial Area,10.6,52,112,381
237,2004-08-30,Tamil Nadu,Coimbatore,"SIDCO Office, Coimbatore",Tamilnadu State Pollution Control Board,Industrial Area,8.9,60,91,171
237,2004-09-13,Tamil Nadu,Coimbatore,"SIDCO Office, Coimbatore",Tamilnadu State Pollution Control Board,Industrial Area,4.5,50,93,218
237,2004-09-16,Tamil Nadu,Coimbatore,"SIDCO Office, Coimbatore",Tamilnadu State Pollution Control Board,Industrial Area,7.8,64,60,199
237,2004-09-20,Tamil Nadu,Coimbatore,"SIDCO Office, Coimbatore",Tamilnadu State Pollution Control Board,Industrial Area,9.6,40,70,249
237,2004-09-23,Tamil Nadu,Coimbatore,"SIDCO Office, Coimbatore",Tamilnadu State Pollution Control Board,Industrial Area,7,45,30,87
237,2004-09-27,Tamil Nadu,Coimbatore,"SIDCO Office, Coimbatore",Tamilnadu State Pollution Control Board,Industrial Area,11.4,50,54,81
237,2004-09-30,Tamil Nadu,Coimbatore,"SIDCO Office, Coimbatore",Tamilnadu State Pollution Control Board,Industrial Area,10.8,48,84,145
237,2004-10-14,Tamil Nadu,Coimbatore,"SIDCO Office, Coimbatore",Tamilnadu State Pollution Control Board,Industrial Area,7.4,42,79,134
237,2004-10-18,Tamil Nadu,Coimbatore,"SIDCO Office, Coimbatore",Tamilnadu State Pollution Control Board,Industrial Area,8.7,52,84,138
237,2004-10-21,Tamil Nadu,Coimbatore,"SIDCO Office, Coimbatore",Tamilnadu State Pollution Control Board,Industrial Area,9.6,48,70,181
237,2004-10-25,Tamil Nadu,Coimbatore,"SIDCO Office, Coimbatore",Tamilnadu State Pollution Control Board,Industrial Area,4.9,28,95,151
237,2004-10-28,Tamil Nadu,Coimbatore,"SIDCO Office, Coimbatore",Tamilnadu State Pollution Control Board,Industrial Area,13.1,46,72,93
237,2004-11-18,Tamil Nadu,Coimbatore,"SIDCO Office, Coimbatore",Tamilnadu State Pollution Control Board,Industrial Area,13.2,47,54,84
237,2004-11-22,Tamil Nadu,Coimbatore,"SIDCO Office, Coimbatore",Tamilnadu State Pollution Control Board,Industrial Area,10,49,57,168
237,2004-11-25,Tamil Nadu,Coimbatore,"SIDCO Office, Coimbatore",Tamilnadu State Pollution Control Board,Industrial Area,5.5,29,45,48
237,2004-11-29,Tamil Nadu,Coimbatore,"SIDCO Office, Coimbatore",Tamilnadu State Pollution Control Board,Industrial Area,13.8,54,70,85
237,2004-12-13,Tamil Nadu,Coimbatore,"SIDCO Office, Coimbatore",Tamilnadu State Pollution Control Board,Industrial Area,7,34,35,124
237,2004-12-23,Tamil Nadu,Coimbatore,"SIDCO Office, Coimbatore",Tamilnadu State Pollution Control Board,Industrial Area,4.4,27,29,57
237,2004-12-27,Tamil Nadu,Coimbatore,"SIDCO Office, Coimbatore",Tamilnadu State Pollution Control Board,Industrial Area,7.3,37,44,58
237,2004-12-30,Tamil Nadu,Coimbatore,"SIDCO Office, Coimbatore",Tamilnadu State Pollution Control Board,Industrial Area,2.1,10,20,34
237,29-06-04,Tamil Nadu,Coimbatore,"SIDCO Office, Coimbatore",Tamilnadu State Pollution Control Board,Industrial Area,7.8,45,96,150
237,2004-07-02,Tamil Nadu,Coimbatore,"SIDCO Office, Coimbatore",Tamilnadu State Pollution Control Board,Industrial Area,11.2,47,97,169
237,2004-07-06,Tamil Nadu,Coimbatore,"SIDCO Office, Coimbatore",Tamilnadu State Pollution Control Board,Industrial Area,9,27,70,160
237,2004-07-09,Tamil Nadu,Coimbatore,"SIDCO Office, Coimbatore",Tamilnadu State Pollution Control Board,Industrial Area,12.3,50,90,175
237,20-07-04,Tamil Nadu,Coimbatore,"SIDCO Office, Coimbatore",Tamilnadu State Pollution Control Board,Industrial Area,5.9,21,42,122
237,2004-08-03,Tamil Nadu,Coimbatore,"SIDCO Office, Coimbatore",Tamilnadu State Pollution Control Board,Industrial Area,4.1,20,31,67
237,2004-08-06,Tamil Nadu,Coimbatore,"SIDCO Office, Coimbatore",Tamilnadu State Pollution Control Board,Industrial Area,5.6,40,90,103
237,2004-08-10,Tamil Nadu,Coimbatore,"SIDCO Office, Coimbatore",Tamilnadu State Pollution Control Board,Industrial Area,4.6,31,55,202
237,13-08-04,Tamil Nadu,Coimbatore,"SIDCO Office, Coimbatore",Tamilnadu State Pollution Control Board,Industrial Area,7.6,37,132,191
237,17-08-04,Tamil Nadu,Coimbatore,"SIDCO Office, Coimbatore",Tamilnadu State Pollution Control Board,Industrial Area,6.4,51,108,144
237,20-08-04,Tamil Nadu,Coimbatore,"SIDCO Office, Coimbatore",Tamilnadu State Pollution Control Board,Industrial Area,7,43,93,126
237,24-08-04,Tamil Nadu,Coimbatore,"SIDCO Office, Coimbatore",Tamilnadu State Pollution Control Board,Industrial Area,7.3,48,97,195
237,27-08-04,Tamil Nadu,Coimbatore,"SIDCO Office, Coimbatore",Tamilnadu State Pollution Control Board,Industrial Area,4.1,20,99,168
237,31-08-04,Tamil Nadu,Coimbatore,"SIDCO Office, Coimbatore",Tamilnadu State Pollution Control Board,Industrial Area,1.4,18,68,120
237,2004-09-03,Tamil Nadu,Coimbatore,"SIDCO Office, Coimbatore",Tamilnadu State Pollution Control Board,Industrial Area,5.4,31,68,151
237,2004-09-07,Tamil Nadu,Coimbatore,"SIDCO Office, Coimbatore",Tamilnadu State Pollution Control Board,Industrial Area,8.6,40,93,208
237,2004-09-10,Tamil Nadu,Coimbatore,"SIDCO Office, Coimbatore",Tamilnadu State Pollution Control Board,Industrial Area,6.5,42,86,146
237,14-09-04,Tamil Nadu,Coimbatore,"SIDCO Office, Coimbatore",Tamilnadu State Pollution Control Board,Industrial Area,2.2,21,142,161
237,17-09-04,Tamil Nadu,Coimbatore,"SIDCO Office, Coimbatore",Tamilnadu State Pollution Control Board,Industrial Area,4.1,24,59,169
237,21-09-04,Tamil Nadu,Coimbatore,"SIDCO Office, Coimbatore",Tamilnadu State Pollution Control Board,Industrial Area,6,37,71,236
237,24-09-04,Tamil Nadu,Coimbatore,"SIDCO Office, Coimbatore",Tamilnadu State Pollution Control Board,Industrial Area,6,27,101,164
237,28-09-04,Tamil Nadu,Coimbatore,"SIDCO Office, Coimbatore",Tamilnadu State Pollution Control Board,Industrial Area,4.5,25,55,117
237,2004-10-01,Tamil Nadu,Coimbatore,"SIDCO Office, Coimbatore",Tamilnadu State Pollution Control Board,Industrial Area,6.3,41,80,129
237,2004-10-05,Tamil Nadu,Coimbatore,"SIDCO Office, Coimbatore",Tamilnadu State Pollution Control Board,Industrial Area,10,41,101,155
237,2004-10-08,Tamil Nadu,Coimbatore,"SIDCO Office, Coimbatore",Tamilnadu State Pollution Control Board,Industrial Area,10,43,125,185
237,2004-10-12,Tamil Nadu,Coimbatore,"SIDCO Office, Coimbatore",Tamilnadu State Pollution Control Board,Industrial Area,11.7,48,93,148
237,15-10-04,Tamil Nadu,Coimbatore,"SIDCO Office, Coimbatore",Tamilnadu State Pollution Control Board,Industrial Area,6.4,38,79,123
237,19-10-04,Tamil Nadu,Coimbatore,"SIDCO Office, Coimbatore",Tamilnadu State Pollution Control Board,Industrial Area,11.1,42,68,165
237,26-10-04,Tamil Nadu,Coimbatore,"SIDCO Office, Coimbatore",Tamilnadu State Pollution Control Board,Industrial Area,7.3,31,153,274
237,29-10-04,Tamil Nadu,Coimbatore,"SIDCO Office, Coimbatore",Tamilnadu State Pollution Control Board,Industrial Area,8.8,50,108,188
237,2004-11-02,Tamil Nadu,Coimbatore,"SIDCO Office, Coimbatore",Tamilnadu State Pollution Control Board,Industrial Area,8.1,69,76,183
237,2004-11-05,Tamil Nadu,Coimbatore,"SIDCO Office, Coimbatore",Tamilnadu State Pollution Control Board,Industrial Area,11.3,47,52,92
237,2004-11-09,Tamil Nadu,Coimbatore,"SIDCO Office, Coimbatore",Tamilnadu State Pollution Control Board,Industrial Area,6.7,32,57,125
237,16-11-04,Tamil Nadu,Coimbatore,"SIDCO Office, Coimbatore",Tamilnadu State Pollution Control Board,Industrial Area,6.2,33,69,181
237,19-11-04,Tamil Nadu,Coimbatore,"SIDCO Office, Coimbatore",Tamilnadu State Pollution Control Board,Industrial Area,8.7,38,50,61
237,23-11-04,Tamil Nadu,Coimbatore,"SIDCO Office, Coimbatore",Tamilnadu State Pollution Control Board,Industrial Area,8.7,58,109,275
237,26-11-04,Tamil Nadu,Coimbatore,"SIDCO Office, Coimbatore",Tamilnadu State Pollution Control Board,Industrial Area,8.2,54,68,145
237,30-11-04,Tamil Nadu,Coimbatore,"SIDCO Office, Coimbatore",Tamilnadu State Pollution Control Board,Industrial Area,7.2,56,159,552
237,2004-12-03,Tamil Nadu,Coimbatore,"SIDCO Office, Coimbatore",Tamilnadu State Pollution Control Board,Industrial Area,5,41,112,247
237,2004-12-07,Tamil Nadu,Coimbatore,"SIDCO Office, Coimbatore",Tamilnadu State Pollution Control Board,Industrial Area,6.1,58,104,274
237,2004-12-10,Tamil Nadu,Coimbatore,"SIDCO Office, Coimbatore",Tamilnadu State Pollution Control Board,Industrial Area,4.8,53,79,259
237,14-12-04,Tamil Nadu,Coimbatore,"SIDCO Office, Coimbatore",Tamilnadu State Pollution Control Board,Industrial Area,4.6,60,9,42
237,24-12-04,Tamil Nadu,Coimbatore,"SIDCO Office, Coimbatore",Tamilnadu State Pollution Control Board,Industrial Area,1.9,16,264,560
237,28-12-04,Tamil Nadu,Coimbatore,"SIDCO Office, Coimbatore",Tamilnadu State Pollution Control Board,Industrial Area,4.7,22,133,874
237,31-12-04,Tamil Nadu,Coimbatore,"SIDCO Office, Coimbatore",Tamilnadu State Pollution Control Board,Industrial Area,19.1,39,91,355
238,2004-01-03,Tamil Nadu,Coimbatore,"Distt. Collector's Office, Coimbatore",Tamilnadu State Pollution Control Board,"Residential, Rural and other Areas",12.4,45,45,168
238,2004-01-07,Tamil Nadu,Coimbatore,"Distt. Collector's Office, Coimbatore",Tamilnadu State Pollution Control Board,"Residential, Rural and other Areas",7.5,44,51,122
238,2004-01-10,Tamil Nadu,Coimbatore,"Distt. Collector's Office, Coimbatore",Tamilnadu State Pollution Control Board,"Residential, Rural and other Areas",8.2,40,78,120
238,14-01-04,Tamil Nadu,Coimbatore,"Distt. Collector's Office, Coimbatore",Tamilnadu State Pollution Control Board,"Residential, Rural and other Areas",4.9,41,59,161
238,21-01-04,Tamil Nadu,Coimbatore,"Distt. Collector's Office, Coimbatore",Tamilnadu State Pollution Control Board,"Residential, Rural and other Areas",7.4,52,66,163
238,24-01-04,Tamil Nadu,Coimbatore,"Distt. Collector's Office, Coimbatore",Tamilnadu State Pollution Control Board,"Residential, Rural and other Areas",8.2,38,59,114
238,28-01-04,Tamil Nadu,Coimbatore,"Distt. Collector's Office, Coimbatore",Tamilnadu State Pollution Control Board,"Residential, Rural and other Areas",9.3,51,58,111
238,31-01-04,Tamil Nadu,Coimbatore,"Distt. Collector's Office, Coimbatore",Tamilnadu State Pollution Control Board,"Residential, Rural and other Areas",10.1,48,61,87
238,2004-02-04,Tamil Nadu,Coimbatore,"Distt. Collector's Office, Coimbatore",Tamilnadu State Pollution Control Board,"Residential, Rural and other Areas",7.3,49,90,161
238,2004-02-07,Tamil Nadu,Coimbatore,"Distt. Collector's Office, Coimbatore",Tamilnadu State Pollution Control Board,"Residential, Rural and other Areas",7.7,52,70,120
238,2004-02-11,Tamil Nadu,Coimbatore,"Distt. Collector's Office, Coimbatore",Tamilnadu State Pollution Control Board,"Residential, Rural and other Areas",6.6,55,104,183
238,14-02-04,Tamil Nadu,Coimbatore,"Distt. Collector's Office, Coimbatore",Tamilnadu State Pollution Control Board,"Residential, Rural and other Areas",6.2,39,90,139
238,18-02-04,Tamil Nadu,Coimbatore,"Distt. Collector's Office, Coimbatore",Tamilnadu State Pollution Control Board,"Residential, Rural and other Areas",11.9,57,88,137
238,21-02-04,Tamil Nadu,Coimbatore,"Distt. Collector's Office, Coimbatore",Tamilnadu State Pollution Control Board,"Residential, Rural and other Areas",5.2,32,171,587
238,25-02-04,Tamil Nadu,Coimbatore,"Distt. Collector's Office, Coimbatore",Tamilnadu State Pollution Control Board,"Residential, Rural and other Areas",9.5,47,86,277
238,28-02-04,Tamil Nadu,Coimbatore,"Distt. Collector's Office, Coimbatore",Tamilnadu State Pollution Control Board,"Residential, Rural and other Areas",9,42,72,199
238,2004-03-03,Tamil Nadu,Coimbatore,"Distt. Collector's Office, Coimbatore",Tamilnadu State Pollution Control Board,"Residential, Rural and other Areas",10.9,32,83,170
238,2004-03-06,Tamil Nadu,Coimbatore,"Distt. Collector's Office, Coimbatore",Tamilnadu State Pollution Control Board,"Residential, Rural and other Areas",4.8,27,134,360
238,2004-03-10,Tamil Nadu,Coimbatore,"Distt. Collector's Office, Coimbatore",Tamilnadu State Pollution Control Board,"Residential, Rural and other Areas",4.2,35,568,1682
238,17-03-04,Tamil Nadu,Coimbatore,"Distt. Collector's Office, Coimbatore",Tamilnadu State Pollution Control Board,"Residential, Rural and other Areas",8.6,46,118,247
238,20-03-04,Tamil Nadu,Coimbatore,"Distt. Collector's Office, Coimbatore",Tamilnadu State Pollution Control Board,"Residential, Rural and other Areas",7.4,29,75,128
238,24-03-04,Tamil Nadu,Coimbatore,"Distt. Collector's Office, Coimbatore",Tamilnadu State Pollution Control Board,"Residential, Rural and other Areas",6.6,43,95,350
238,27-03-04,Tamil Nadu,Coimbatore,"Distt. Collector's Office, Coimbatore",Tamilnadu State Pollution Control Board,"Residential, Rural and other Areas",6.5,34,104,284
238,2004-04-03,Tamil Nadu,Coimbatore,"Distt. Collector's Office, Coimbatore",Tamilnadu State Pollution Control Board,"Residential, Rural and other Areas",4.8,42,82,189
238,2004-04-07,Tamil Nadu,Coimbatore,"Distt. Collector's Office, Coimbatore",Tamilnadu State Pollution Control Board,"Residential, Rural and other Areas",5.5,49,40,100
238,2004-04-10,Tamil Nadu,Coimbatore,"Distt. Collector's Office, Coimbatore",Tamilnadu State Pollution Control Board,"Residential, Rural and other Areas",13.6,44,71,180
238,14-04-04,Tamil Nadu,Coimbatore,"Distt. Collector's Office, Coimbatore",Tamilnadu State Pollution Control Board,"Residential, Rural and other Areas",13.7,58,81,153
238,17-04-04,Tamil Nadu,Coimbatore,"Distt. Collector's Office, Coimbatore",Tamilnadu State Pollution Control Board,"Residential, Rural and other Areas",13.8,53,99,314
238,21-04-04,Tamil Nadu,Coimbatore,"Distt. Collector's Office, Coimbatore",Tamilnadu State Pollution Control Board,"Residential, Rural and other Areas",7.2,54,66,194
238,24-04-04,Tamil Nadu,Coimbatore,"Distt. Collector's Office, Coimbatore",Tamilnadu State Pollution Control Board,"Residential, Rural and other Areas",6.7,40,63,140
238,28-04-04,Tamil Nadu,Coimbatore,"Distt. Collector's Office, Coimbatore",Tamilnadu State Pollution Control Board,"Residential, Rural and other Areas",7,50,62,116
238,2004-05-05,Tamil Nadu,Coimbatore,"Distt. Collector's Office, Coimbatore",Tamilnadu State Pollution Control Board,"Residential, Rural and other Areas",4.8,29,33,40
238,2004-05-08,Tamil Nadu,Coimbatore,"Distt. Collector's Office, Coimbatore",Tamilnadu State Pollution Control Board,"Residential, Rural and other Areas",7,42,18,82
238,2004-05-12,Tamil Nadu,Coimbatore,"Distt. Collector's Office, Coimbatore",Tamilnadu State Pollution Control Board,"Residential, Rural and other Areas",9,40,57,114
238,15-05-04,Tamil Nadu,Coimbatore,"Distt. Collector's Office, Coimbatore",Tamilnadu State Pollution Control Board,"Residential, Rural and other Areas",11.5,49,31,44
238,19-05-04,Tamil Nadu,Coimbatore,"Distt. Collector's Office, Coimbatore",Tamilnadu State Pollution Control Board,"Residential, Rural and other Areas",5.9,43,48,107
238,22-05-04,Tamil Nadu,Coimbatore,"Distt. Collector's Office, Coimbatore",Tamilnadu State Pollution Control Board,"Residential, Rural and other Areas",5.8,45,45,125
238,26-05-04,Tamil Nadu,Coimbatore,"Distt. Collector's Office, Coimbatore",Tamilnadu State Pollution Control Board,"Residential, Rural and other Areas",5.8,30,46,85
238,29-05-04,Tamil Nadu,Coimbatore,"Distt. Collector's Office, Coimbatore",Tamilnadu State Pollution Control Board,"Residential, Rural and other Areas",3.8,28,27,103
238,2004-06-02,Tamil Nadu,Coimbatore,"Distt. Collector's Office, Coimbatore",Tamilnadu State Pollution Control Board,"Residential, Rural and other Areas",8.2,37,37,94
238,2004-06-05,Tamil Nadu,Coimbatore,"Distt. Collector's Office, Coimbatore",Tamilnadu State Pollution Control Board,"Residential, Rural and other Areas",2.4,14,53,99
238,2004-06-09,Tamil Nadu,Coimbatore,"Distt. Collector's Office, Coimbatore",Tamilnadu State Pollution Control Board,"Residential, Rural and other Areas",6.4,43,32,58
238,2004-06-12,Tamil Nadu,Coimbatore,"Distt. Collector's Office, Coimbatore",Tamilnadu State Pollution Control Board,"Residential, Rural and other Areas",1,12,NA,NA
238,16-06-04,Tamil Nadu,Coimbatore,"Distt. Collector's Office, Coimbatore",Tamilnadu State Pollution Control Board,"Residential, Rural and other Areas",6.6,41,19,58
238,19-06-04,Tamil Nadu,Coimbatore,"Distt. Collector's Office, Coimbatore",Tamilnadu State Pollution Control Board,"Residential, Rural and other Areas",9.8,42,41,69
238,23-06-04,Tamil Nadu,Coimbatore,"Distt. Collector's Office, Coimbatore",Tamilnadu State Pollution Control Board,"Residential, Rural and other Areas",9.9,37,52,108
238,26-06-04,Tamil Nadu,Coimbatore,"Distt. Collector's Office, Coimbatore",Tamilnadu State Pollution Control Board,"Residential, Rural and other Areas",4.8,24,58,301
238,30-06-04,Tamil Nadu,Coimbatore,"Distt. Collector's Office, Coimbatore",Tamilnadu State Pollution Control Board,"Residential, Rural and other Areas",8.5,41,71,193
238,2004-07-03,Tamil Nadu,Coimbatore,"Distt. Collector's Office, Coimbatore",Tamilnadu State Pollution Control Board,"Residential, Rural and other Areas",9.4,39,29,116
238,2004-07-07,Tamil Nadu,Coimbatore,"Distt. Collector's Office, Coimbatore",Tamilnadu State Pollution Control Board,"Residential, Rural and other Areas",9.6,44,42,113
238,2004-08-04,Tamil Nadu,Coimbatore,"Distt. Collector's Office, Coimbatore",Tamilnadu State Pollution Control Board,"Residential, Rural and other Areas",0.3,7,59,84
238,2004-08-07,Tamil Nadu,Coimbatore,"Distt. Collector's Office, Coimbatore",Tamilnadu State Pollution Control Board,"Residential, Rural and other Areas",3.1,27,41,78
238,2004-08-11,Tamil Nadu,Coimbatore,"Distt. Collector's Office, Coimbatore",Tamilnadu State Pollution Control Board,"Residential, Rural and other Areas",6.2,39,64,145
238,14-08-04,Tamil Nadu,Coimbatore,"Distt. Collector's Office, Coimbatore",Tamilnadu State Pollution Control Board,"Residential, Rural and other Areas",6.3,32,89,139
238,18-08-04,Tamil Nadu,Coimbatore,"Distt. Collector's Office, Coimbatore",Tamilnadu State Pollution Control Board,"Residential, Rural and other Areas",5.9,37,47,189
238,21-08-04,Tamil Nadu,Coimbatore,"Distt. Collector's Office, Coimbatore",Tamilnadu State Pollution Control Board,"Residential, Rural and other Areas",5.1,18,30,104
238,25-08-04,Tamil Nadu,Coimbatore,"Distt. Collector's Office, Coimbatore",Tamilnadu State Pollution Control Board,"Residential, Rural and other Areas",6.2,34,35,72
238,28-08-04,Tamil Nadu,Coimbatore,"Distt. Collector's Office, Coimbatore",Tamilnadu State Pollution Control Board,"Residential, Rural and other Areas",5.5,37,46,103
238,2004-09-01,Tamil Nadu,Coimbatore,"Distt. Collector's Office, Coimbatore",Tamilnadu State Pollution Control Board,"Residential, Rural and other Areas",7.3,41,61,120
238,2004-09-04,Tamil Nadu,Coimbatore,"Distt. Collector's Office, Coimbatore",Tamilnadu State Pollution Control Board,"Residential, Rural and other Areas",5.5,39,63,110
238,2004-09-08,Tamil Nadu,Coimbatore,"Distt. Collector's Office, Coimbatore",Tamilnadu State Pollution Control Board,"Residential, Rural and other Areas",5.4,43,36,138
238,15-09-04,Tamil Nadu,Coimbatore,"Distt. Collector's Office, Coimbatore",Tamilnadu State Pollution Control Board,"Residential, Rural and other Areas",6.7,34,45,80
238,22-09-04,Tamil Nadu,Coimbatore,"Distt. Collector's Office, Coimbatore",Tamilnadu State Pollution Control Board,"Residential, Rural and other Areas",6,35,27,114
238,29-09-04,Tamil Nadu,Coimbatore,"Distt. Collector's Office, Coimbatore",Tamilnadu State Pollution Control Board,"Residential, Rural and other Areas",1.7,15,48,69
238,13-10-04,Tamil Nadu,Coimbatore,"Distt. Collector's Office, Coimbatore",Tamilnadu State Pollution Control Board,"Residential, Rural and other Areas",4.8,34,97,228
238,20-10-04,Tamil Nadu,Coimbatore,"Distt. Collector's Office, Coimbatore",Tamilnadu State Pollution Control Board,"Residential, Rural and other Areas",7,29,39,106
238,27-10-04,Tamil Nadu,Coimbatore,"Distt. Collector's Office, Coimbatore",Tamilnadu State Pollution Control Board,"Residential, Rural and other Areas",6.7,49,48,81
238,2004-11-03,Tamil Nadu,Coimbatore,"Distt. Collector's Office, Coimbatore",Tamilnadu State Pollution Control Board,"Residential, Rural and other Areas",4.3,27,71,146
238,2004-11-06,Tamil Nadu,Coimbatore,"Distt. Collector's Office, Coimbatore",Tamilnadu State Pollution Control Board,"Residential, Rural and other Areas",4.1,25,27,99
238,2004-11-10,Tamil Nadu,Coimbatore,"Distt. Collector's Office, Coimbatore",Tamilnadu State Pollution Control Board,"Residential, Rural and other Areas",2.2,18,48,94
238,2004-11-11,Tamil Nadu,Coimbatore,"Distt. Collector's Office, Coimbatore",Tamilnadu State Pollution Control Board,"Residential, Rural and other Areas",4.2,22,140,165
238,2004-11-12,Tamil Nadu,Coimbatore,"Distt. Collector's Office, Coimbatore",Tamilnadu State Pollution Control Board,"Residential, Rural and other Areas",2.8,19,23,36
238,17-11-04,Tamil Nadu,Coimbatore,"Distt. Collector's Office, Coimbatore",Tamilnadu State Pollution Control Board,"Residential, Rural and other Areas",8.9,38,53,95
238,20-11-04,Tamil Nadu,Coimbatore,"Distt. Collector's Office, Coimbatore",Tamilnadu State Pollution Control Board,"Residential, Rural and other Areas",5.2,29,45,115
238,24-11-04,Tamil Nadu,Coimbatore,"Distt. Collector's Office, Coimbatore",Tamilnadu State Pollution Control Board,"Residential, Rural and other Areas",10.2,44,50,86
238,27-11-04,Tamil Nadu,Coimbatore,"Distt. Collector's Office, Coimbatore",Tamilnadu State Pollution Control Board,"Residential, Rural and other Areas",4.3,16,35,65
238,2004-12-01,Tamil Nadu,Coimbatore,"Distt. Collector's Office, Coimbatore",Tamilnadu State Pollution Control Board,"Residential, Rural and other Areas",5.3,32,63,152
238,2004-12-08,Tamil Nadu,Coimbatore,"Distt. Collector's Office, Coimbatore",Tamilnadu State Pollution Control Board,"Residential, Rural and other Areas",7.8,35,39,114
238,15-12-04,Tamil Nadu,Coimbatore,"Distt. Collector's Office, Coimbatore",Tamilnadu State Pollution Control Board,"Residential, Rural and other Areas",0.9,18,28,94
238,22-12-04,Tamil Nadu,Coimbatore,"Distt. Collector's Office, Coimbatore",Tamilnadu State Pollution Control Board,"Residential, Rural and other Areas",9,50,96,208
238,29-12-04,Tamil Nadu,Coimbatore,"Distt. Collector's Office, Coimbatore",Tamilnadu State Pollution Control Board,"Residential, Rural and other Areas",1.3,10,54,186
260,2004-01-01,Tamil Nadu,Coimbatore,Coimbatore,Tamilnadu State Pollution Control Board,"Residential, Rural and other Areas",10.2,54,69,199
260,2004-01-05,Tamil Nadu,Coimbatore,Coimbatore,Tamilnadu State Pollution Control Board,"Residential, Rural and other Areas",9,45,76,195
260,2004-01-08,Tamil Nadu,Coimbatore,Coimbatore,Tamilnadu State Pollution Control Board,"Residential, Rural and other Areas",11.6,46,68,232
260,2004-01-12,Tamil Nadu,Coimbatore,Coimbatore,Tamilnadu State Pollution Control Board,"Residential, Rural and other Areas",10.9,46,96,152
260,19-01-04,Tamil Nadu,Coimbatore,Coimbatore,Tamilnadu State Pollution Control Board,"Residential, Rural and other Areas",6.9,43,62,221
260,22-01-04,Tamil Nadu,Coimbatore,Coimbatore,Tamilnadu State Pollution Control Board,"Residential, Rural and other Areas",8.2,49,66,156
260,29-01-04,Tamil Nadu,Coimbatore,Coimbatore,Tamilnadu State Pollution Control Board,"Residential, Rural and other Areas",9.1,54,45,128
260,2004-02-05,Tamil Nadu,Coimbatore,Coimbatore,Tamilnadu State Pollution Control Board,"Residential, Rural and other Areas",11.8,45,90,265
260,2004-02-09,Tamil Nadu,Coimbatore,Coimbatore,Tamilnadu State Pollution Control Board,"Residential, Rural and other Areas",5.5,43,77,185
260,2004-02-12,Tamil Nadu,Coimbatore,Coimbatore,Tamilnadu State Pollution Control Board,"Residential, Rural and other Areas",6.7,47,81,222
260,16-02-04,Tamil Nadu,Coimbatore,Coimbatore,Tamilnadu State Pollution Control Board,"Residential, Rural and other Areas",11.6,54,104,285
260,19-02-04,Tamil Nadu,Coimbatore,Coimbatore,Tamilnadu State Pollution Control Board,"Residential, Rural and other Areas",10.8,43,72,160
260,23-02-04,Tamil Nadu,Coimbatore,Coimbatore,Tamilnadu State Pollution Control Board,"Residential, Rural and other Areas",9,48,97,219
260,26-02-04,Tamil Nadu,Coimbatore,Coimbatore,Tamilnadu State Pollution Control Board,"Residential, Rural and other Areas",7.5,41,97,265
260,2004-03-01,Tamil Nadu,Coimbatore,Coimbatore,Tamilnadu State Pollution Control Board,"Residential, Rural and other Areas",5.9,41,114,299
260,2004-03-04,Tamil Nadu,Coimbatore,Coimbatore,Tamilnadu State Pollution Control Board,"Residential, Rural and other Areas",4.9,32,58,161
260,2004-03-08,Tamil Nadu,Coimbatore,Coimbatore,Tamilnadu State Pollution Control Board,"Residential, Rural and other Areas",8.3,47,62,215
260,2004-03-11,Tamil Nadu,Coimbatore,Coimbatore,Tamilnadu State Pollution Control Board,"Residential, Rural and other Areas",4.9,36,63,138
260,15-03-04,Tamil Nadu,Coimbatore,Coimbatore,Tamilnadu State Pollution Control Board,"Residential, Rural and other Areas",9.3,48,83,261
260,18-03-04,Tamil Nadu,Coimbatore,Coimbatore,Tamilnadu State Pollution Control Board,"Residential, Rural and other Areas",7.6,55,74,234
260,22-03-04,Tamil Nadu,Coimbatore,Coimbatore,Tamilnadu State Pollution Control Board,"Residential, Rural and other Areas",9.6,45,62,149
260,25-03-04,Tamil Nadu,Coimbatore,Coimbatore,Tamilnadu State Pollution Control Board,"Residential, Rural and other Areas",4.5,39,49,116
260,29-03-04,Tamil Nadu,Coimbatore,Coimbatore,Tamilnadu State Pollution Control Board,"Residential, Rural and other Areas",7.3,45,41,87
260,2004-04-01,Tamil Nadu,Coimbatore,Coimbatore,Tamilnadu State Pollution Control Board,"Residential, Rural and other Areas",8.3,38,37,96
260,2004-04-05,Tamil Nadu,Coimbatore,Coimbatore,Tamilnadu State Pollution Control Board,"Residential, Rural and other Areas",6.5,29,40,96
260,2004-04-08,Tamil Nadu,Coimbatore,Coimbatore,Tamilnadu State Pollution Control Board,"Residential, Rural and other Areas",10.2,48,26,63
260,2004-04-12,Tamil Nadu,Coimbatore,Coimbatore,Tamilnadu State Pollution Control Board,"Residential, Rural and other Areas",7,44,36,80
260,15-04-04,Tamil Nadu,Coimbatore,Coimbatore,Tamilnadu State Pollution Control Board,"Residential, Rural and other Areas",9.7,43,43,87
260,19-04-04,Tamil Nadu,Coimbatore,Coimbatore,Tamilnadu State Pollution Control Board,"Residential, Rural and other Areas",8.3,47,25,91
260,22-04-04,Tamil Nadu,Coimbatore,Coimbatore,Tamilnadu State Pollution Control Board,"Residential, Rural and other Areas",6.5,57,37,59
260,26-04-04,Tamil Nadu,Coimbatore,Coimbatore,Tamilnadu State Pollution Control Board,"Residential, Rural and other Areas",4.7,63,41,105
260,29-04-04,Tamil Nadu,Coimbatore,Coimbatore,Tamilnadu State Pollution Control Board,"Residential, Rural and other Areas",8.1,46,40,75
260,2004-05-03,Tamil Nadu,Coimbatore,Coimbatore,Tamilnadu State Pollution Control Board,"Residential, Rural and other Areas",5.8,34,47,68
260,2004-05-06,Tamil Nadu,Coimbatore,Coimbatore,Tamilnadu State Pollution Control Board,"Residential, Rural and other Areas",17.5,42,29,34
260,13-05-04,Tamil Nadu,Coimbatore,Coimbatore,Tamilnadu State Pollution Control Board,"Residential, Rural and other Areas",8.4,41,27,49
260,17-05-04,Tamil Nadu,Coimbatore,Coimbatore,Tamilnadu State Pollution Control Board,"Residential, Rural and other Areas",6.8,32,29,47
260,20-05-04,Tamil Nadu,Coimbatore,Coimbatore,Tamilnadu State Pollution Control Board,"Residential, Rural and other Areas",8.5,45,29,61
260,24-05-04,Tamil Nadu,Coimbatore,Coimbatore,Tamilnadu State Pollution Control Board,"Residential, Rural and other Areas",10.9,40,23,63
260,27-05-04,Tamil Nadu,Coimbatore,Coimbatore,Tamilnadu State Pollution Control Board,"Residential, Rural and other Areas",6.7,45,28,64
260,31-05-04,Tamil Nadu,Coimbatore,Coimbatore,Tamilnadu State Pollution Control Board,"Residential, Rural and other Areas",7,41,22,33
260,2004-06-03,Tamil Nadu,Coimbatore,Coimbatore,Tamilnadu State Pollution Control Board,"Residential, Rural and other Areas",7.1,42,22,54
260,2004-06-07,Tamil Nadu,Coimbatore,Coimbatore,Tamilnadu State Pollution Control Board,"Residential, Rural and other Areas",3.7,28,46,80
260,2004-06-10,Tamil Nadu,Coimbatore,Coimbatore,Tamilnadu State Pollution Control Board,"Residential, Rural and other Areas",7.7,54,20,46
260,14-06-04,Tamil Nadu,Coimbatore,Coimbatore,Tamilnadu State Pollution Control Board,"Residential, Rural and other Areas",4.7,26,16,50
260,17-06-04,Tamil Nadu,Coimbatore,Coimbatore,Tamilnadu State Pollution Control Board,"Residential, Rural and other Areas",8.3,41,31,51
260,21-06-04,Tamil Nadu,Coimbatore,Coimbatore,Tamilnadu State Pollution Control Board,"Residential, Rural and other Areas",7.1,36,23,63
260,24-06-04,Tamil Nadu,Coimbatore,Coimbatore,Tamilnadu State Pollution Control Board,"Residential, Rural and other Areas",9,43,19,40
260,28-06-04,Tamil Nadu,Coimbatore,Coimbatore,Tamilnadu State Pollution Control Board,"Residential, Rural and other Areas",7.5,43,29,68
260,2004-07-01,Tamil Nadu,Coimbatore,Coimbatore,Tamilnadu State Pollution Control Board,"Residential, Rural and other Areas",13.3,38,25,113
260,2004-07-05,Tamil Nadu,Coimbatore,Coimbatore,Tamilnadu State Pollution Control Board,"Residential, Rural and other Areas",1.4,11,23,59
260,2004-07-08,Tamil Nadu,Coimbatore,Coimbatore,Tamilnadu State Pollution Control Board,"Residential, Rural and other Areas",6.8,45,39,64
260,19-07-04,Tamil Nadu,Coimbatore,Coimbatore,Tamilnadu State Pollution Control Board,"Residential, Rural and other Areas",5.7,31,31,64
260,2004-08-02,Tamil Nadu,Coimbatore,Coimbatore,Tamilnadu State Pollution Control Board,"Residential, Rural and other Areas",3.5,21,26,105
260,2004-08-05,Tamil Nadu,Coimbatore,Coimbatore,Tamilnadu State Pollution Control Board,"Residential, Rural and other Areas",5.2,26,130,192
260,2004-08-09,Tamil Nadu,Coimbatore,Coimbatore,Tamilnadu State Pollution Control Board,"Residential, Rural and other Areas",3.8,30,35,46
260,2004-08-12,Tamil Nadu,Coimbatore,Coimbatore,Tamilnadu State Pollution Control Board,"Residential, Rural and other Areas",6.6,28,29,85
260,16-08-04,Tamil Nadu,Coimbatore,Coimbatore,Tamilnadu State Pollution Control Board,"Residential, Rural and other Areas",7.3,22,33,58
260,19-08-04,Tamil Nadu,Coimbatore,Coimbatore,Tamilnadu State Pollution Control Board,"Residential, Rural and other Areas",4.7,29,36,53
260,23-08-04,Tamil Nadu,Coimbatore,Coimbatore,Tamilnadu State Pollution Control Board,"Residential, Rural and other Areas",10,43,32,84
260,26-08-04,Tamil Nadu,Coimbatore,Coimbatore,Tamilnadu State Pollution Control Board,"Residential, Rural and other Areas",1.9,16,29,55
260,30-08-04,Tamil Nadu,Coimbatore,Coimbatore,Tamilnadu State Pollution Control Board,"Residential, Rural and other Areas",4.7,23,40,80
260,2004-09-02,Tamil Nadu,Coimbatore,Coimbatore,Tamilnadu State Pollution Control Board,"Residential, Rural and other Areas",3.8,22,30,61
260,2004-09-09,Tamil Nadu,Coimbatore,Coimbatore,Tamilnadu State Pollution Control Board,"Residential, Rural and other Areas",2.7,20,14,52
260,13-09-04,Tamil Nadu,Coimbatore,Coimbatore,Tamilnadu State Pollution Control Board,"Residential, Rural and other Areas",7.8,41,58,121
260,16-09-04,Tamil Nadu,Coimbatore,Coimbatore,Tamilnadu State Pollution Control Board,"Residential, Rural and other Areas",6.6,35,38,60
260,20-09-04,Tamil Nadu,Coimbatore,Coimbatore,Tamilnadu State Pollution Control Board,"Residential, Rural and other Areas",5.4,32,36,55
260,23-09-04,Tamil Nadu,Coimbatore,Coimbatore,Tamilnadu State Pollution Control Board,"Residential, Rural and other Areas",6,33,47,75
260,27-09-04,Tamil Nadu,Coimbatore,Coimbatore,Tamilnadu State Pollution Control Board,"Residential, Rural and other Areas",0,12,27,62
260,30-09-04,Tamil Nadu,Coimbatore,Coimbatore,Tamilnadu State Pollution Control Board,"Residential, Rural and other Areas",6.8,30,44,63
260,2004-10-04,Tamil Nadu,Coimbatore,Coimbatore,Tamilnadu State Pollution Control Board,"Residential, Rural and other Areas",6.4,47,29,41
260,2004-10-07,Tamil Nadu,Coimbatore,Coimbatore,Tamilnadu State Pollution Control Board,"Residential, Rural and other Areas",5.4,35,49,76
260,2004-10-11,Tamil Nadu,Coimbatore,Coimbatore,Tamilnadu State Pollution Control Board,"Residential, Rural and other Areas",4.3,30,69,109
260,14-10-04,Tamil Nadu,Coimbatore,Coimbatore,Tamilnadu State Pollution Control Board,"Residential, Rural and other Areas",3.7,19,48,216
260,18-10-04,Tamil Nadu,Coimbatore,Coimbatore,Tamilnadu State Pollution Control Board,"Residential, Rural and other Areas",5,23,61,100
260,21-10-04,Tamil Nadu,Coimbatore,Coimbatore,Tamilnadu State Pollution Control Board,"Residential, Rural and other Areas",1.2,14,NA,67
260,25-10-04,Tamil Nadu,Coimbatore,Coimbatore,Tamilnadu State Pollution Control Board,"Residential, Rural and other Areas",4.9,27,NA,118
260,28-10-04,Tamil Nadu,Coimbatore,Coimbatore,Tamilnadu State Pollution Control Board,"Residential, Rural and other Areas",6.2,56,NA,103
260,2004-11-01,Tamil Nadu,Coimbatore,Coimbatore,Tamilnadu State Pollution Control Board,"Residential, Rural and other Areas",5.4,26,46,139
260,2004-11-04,Tamil Nadu,Coimbatore,Coimbatore,Tamilnadu State Pollution Control Board,"Residential, Rural and other Areas",8.3,68,96,165
260,2004-11-08,Tamil Nadu,Coimbatore,Coimbatore,Tamilnadu State Pollution Control Board,"Residential, Rural and other Areas",3.9,26,32,50
260,2004-11-10,Tamil Nadu,Coimbatore,Coimbatore,Tamilnadu State Pollution Control Board,"Residential, Rural and other Areas",1.9,19,79,108
260,2004-11-11,Tamil Nadu,Coimbatore,Coimbatore,Tamilnadu State Pollution Control Board,"Residential, Rural and other Areas",4.5,46,361,424
260,2004-11-12,Tamil Nadu,Coimbatore,Coimbatore,Tamilnadu State Pollution Control Board,"Residential, Rural and other Areas",1,31,51,80
260,18-11-04,Tamil Nadu,Coimbatore,Coimbatore,Tamilnadu State Pollution Control Board,"Residential, Rural and other Areas",7.1,48,53,110
260,22-11-04,Tamil Nadu,Coimbatore,Coimbatore,Tamilnadu State Pollution Control Board,"Residential, Rural and other Areas",7.3,47,80,171
260,25-11-04,Tamil Nadu,Coimbatore,Coimbatore,Tamilnadu State Pollution Control Board,"Residential, Rural and other Areas",5.5,50,61,121
260,29-11-04,Tamil Nadu,Coimbatore,Coimbatore,Tamilnadu State Pollution Control Board,"Residential, Rural and other Areas",4.5,23,101,111
260,2004-12-02,Tamil Nadu,Coimbatore,Coimbatore,Tamilnadu State Pollution Control Board,"Residential, Rural and other Areas",6.6,43,84,143
260,2004-12-06,Tamil Nadu,Coimbatore,Coimbatore,Tamilnadu State Pollution Control Board,"Residential, Rural and other Areas",7.1,33,121,235
260,2004-12-09,Tamil Nadu,Coimbatore,Coimbatore,Tamilnadu State Pollution Control Board,"Residential, Rural and other Areas",3.8,16,55,196
260,13-12-04,Tamil Nadu,Coimbatore,Coimbatore,Tamilnadu State Pollution Control Board,"Residential, Rural and other Areas",7.4,34,65,170
260,23-12-04,Tamil Nadu,Coimbatore,Coimbatore,Tamilnadu State Pollution Control Board,"Residential, Rural and other Areas",4.8,19,107,295
260,27-12-04,Tamil Nadu,Coimbatore,Coimbatore,Tamilnadu State Pollution Control Board,"Residential, Rural and other Areas",3.7,12,101,104
260,30-12-04,Tamil Nadu,Coimbatore,Coimbatore,Tamilnadu State Pollution Control Board,"Residential, Rural and other Areas",2.9,33,57,214
